ISO-10303-21;
HEADER;
/* Generated by software containing ST-Developer
 * from STEP Tools, Inc. (www.steptools.com) 
 */

FILE_DESCRIPTION(
/* description */ (''),
/* implementation_level */ '2;1');

FILE_NAME(
/* name */ 'Lid.step',
/* time_stamp */ '2026-09-04T14:12:01+01:00',
/* author */ (''),
/* organization */ (''),
/* preprocessor_version */ 'ST-DEVELOPER v20.2',
/* originating_system */ 'Autodesk Translation Framework v15.15.0.0',
/* authorisation */ '');

FILE_SCHEMA (('AUTOMOTIVE_DESIGN { 1 0 10303 214 3 1 1 }'));
ENDSEC;

DATA;
#10=MECHANICAL_DESIGN_GEOMETRIC_PRESENTATION_REPRESENTATION('',(#13),#2806);
#11=SHAPE_REPRESENTATION_RELATIONSHIP('SRR','None',#2813,#12);
#12=ADVANCED_BREP_SHAPE_REPRESENTATION('',(#14),#2805);
#13=STYLED_ITEM('',(#2823),#14);
#14=MANIFOLD_SOLID_BREP('Body1',#1490);
#15=B_SPLINE_CURVE_WITH_KNOTS('',3,(#2216,#2217,#2218,#2219,#2220,#2221,
#2222,#2223,#2224,#2225,#2226,#2227,#2228),.UNSPECIFIED.,.F.,.F.,(4,3,3,
3,4),(0.,0.064982672487918,0.129965344975836,0.194948017463754,0.195685409533572),
 .UNSPECIFIED.);
#16=B_SPLINE_CURVE_WITH_KNOTS('',3,(#2230,#2231,#2232,#2233),
 .UNSPECIFIED.,.F.,.F.,(4,4),(-0.949999999999998,2.85),.UNSPECIFIED.);
#17=B_SPLINE_CURVE_WITH_KNOTS('',3,(#2235,#2236,#2237,#2238,#2239,#2240,
#2241,#2242,#2243,#2244,#2245,#2246,#2247),.UNSPECIFIED.,.F.,.F.,(4,3,3,
3,4),(0.0378006373058122,0.0385380293753754,0.103520701863265,0.168503374351154,
0.233486046839044),.UNSPECIFIED.);
#18=B_SPLINE_CURVE_WITH_KNOTS('',3,(#2249,#2250,#2251,#2252,#2253,#2254,
#2255,#2256,#2257,#2258,#2259,#2260,#2261,#2262),.UNSPECIFIED.,.F.,.F.,
(4,2,2,2,2,2,4),(0.00490838448330727,0.0128954302840615,0.0497411517185339,
0.0763380130673456,0.0804735523234755,0.0824934881010259,0.0836084090617064),
 .UNSPECIFIED.);
#19=B_SPLINE_CURVE_WITH_KNOTS('',3,(#2264,#2265,#2266,#2267,#2268,#2269),
 .UNSPECIFIED.,.F.,.F.,(4,2,4),(0.28172758460671,0.284604858372559,0.286153953676059),
 .UNSPECIFIED.);
#20=B_SPLINE_CURVE_WITH_KNOTS('',3,(#2271,#2272,#2273,#2274),
 .UNSPECIFIED.,.F.,.F.,(4,4),(-2.91715728752538,1.01715728752538),
 .UNSPECIFIED.);
#21=B_SPLINE_CURVE_WITH_KNOTS('',3,(#2276,#2277,#2278,#2279,#2280,#2281),
 .UNSPECIFIED.,.F.,.F.,(4,2,4),(-0.00176884301282313,0.,0.0032854309120049),
 .UNSPECIFIED.);
#22=B_SPLINE_CURVE_WITH_KNOTS('',3,(#2282,#2283,#2284,#2285,#2286,#2287,
#2288,#2289,#2290,#2291,#2292,#2293,#2294,#2295,#2296,#2297),
 .UNSPECIFIED.,.F.,.F.,(4,2,2,2,2,2,2,4),(0.0836084090617135,0.0840739340845732,
0.0858241116220359,0.0886962128396822,0.0988759627585654,0.115927134760534,
0.143742379578657,0.162242178866188),.UNSPECIFIED.);
#23=B_SPLINE_CURVE_WITH_KNOTS('',3,(#2327,#2328,#2329,#2330),
 .UNSPECIFIED.,.F.,.F.,(4,4),(-4.59715728752538,1.57715728752538),
 .UNSPECIFIED.);
#24=B_SPLINE_CURVE_WITH_KNOTS('',3,(#2332,#2333,#2334,#2335,#2336,#2337),
 .UNSPECIFIED.,.F.,.F.,(4,2,4),(0.281727549018678,0.284604811340222,0.286153917361531),
 .UNSPECIFIED.);
#25=B_SPLINE_CURVE_WITH_KNOTS('',3,(#2339,#2340,#2341,#2342,#2343,#2344,
#2345,#2346,#2347,#2348,#2349,#2350,#2351,#2352),.UNSPECIFIED.,.F.,.F.,
(4,2,2,2,2,2,4),(0.0836462558958596,0.0845452383837739,0.0859407472971668,
0.0891571171297593,0.103384133494965,0.128983090947068,0.162347841241214),
 .UNSPECIFIED.);
#26=B_SPLINE_CURVE_WITH_KNOTS('',3,(#2354,#2355,#2356,#2357,#2358,#2359,
#2360,#2361,#2362,#2363,#2364,#2365,#2366),.UNSPECIFIED.,.F.,.F.,(4,3,3,
3,4),(0.,0.0649826724879136,0.129965344975827,0.194948017463741,0.195685409533564),
 .UNSPECIFIED.);
#27=B_SPLINE_CURVE_WITH_KNOTS('',3,(#2368,#2369,#2370,#2371),
 .UNSPECIFIED.,.F.,.F.,(4,4),(-1.51,4.53),.UNSPECIFIED.);
#28=B_SPLINE_CURVE_WITH_KNOTS('',3,(#2373,#2374,#2375,#2376,#2377,#2378,
#2379,#2380,#2381,#2382,#2383,#2384,#2385),.UNSPECIFIED.,.F.,.F.,(4,3,3,
3,4),(0.037800637305812,0.0385380293753771,0.103520701863293,0.168503374351209,
0.233486046839125),.UNSPECIFIED.);
#29=B_SPLINE_CURVE_WITH_KNOTS('',3,(#2386,#2387,#2388,#2389,#2390,#2391,
#2392,#2393,#2394,#2395,#2396,#2397,#2398,#2399,#2400,#2401),
 .UNSPECIFIED.,.F.,.F.,(4,2,2,2,2,2,2,4),(0.00490764698431019,0.0082049835915588,
0.0465975580262373,0.0782176838864146,0.0813142155114118,0.0825835977952428,
0.0835233894047339,0.083646255894935),.UNSPECIFIED.);
#30=B_SPLINE_CURVE_WITH_KNOTS('',3,(#2404,#2405,#2406,#2407),
 .UNSPECIFIED.,.F.,.F.,(4,4),(-4.59715728752538,1.57715728752538),
 .UNSPECIFIED.);
#31=B_SPLINE_CURVE_WITH_KNOTS('',3,(#2408,#2409,#2410,#2411),
 .UNSPECIFIED.,.F.,.F.,(4,4),(-2.91715728752538,1.01715728752538),
 .UNSPECIFIED.);
#32=B_SPLINE_CURVE_WITH_KNOTS('',3,(#2499,#2500,#2501,#2502,#2503,#2504,
#2505,#2506,#2507,#2508,#2509,#2510,#2511,#2512),.UNSPECIFIED.,.F.,.F.,
(4,2,2,2,2,2,4),(0.0836461722153653,0.0845465347274364,0.0859438317723041,
0.0891651905397099,0.103395875564098,0.129000395294089,0.162347649347192),
 .UNSPECIFIED.);
#33=B_SPLINE_CURVE_WITH_KNOTS('',3,(#2514,#2515,#2516,#2517,#2518,#2519,
#2520,#2521,#2522,#2523,#2524,#2525,#2526),.UNSPECIFIED.,.F.,.F.,(4,3,3,
3,4),(0.,0.0649826724879172,0.129965344975834,0.194948017463752,0.195685409533567),
 .UNSPECIFIED.);
#34=B_SPLINE_CURVE_WITH_KNOTS('',3,(#2528,#2529,#2530,#2531),
 .UNSPECIFIED.,.F.,.F.,(4,4),(-1.51,4.53),.UNSPECIFIED.);
#35=B_SPLINE_CURVE_WITH_KNOTS('',3,(#2533,#2534,#2535,#2536,#2537,#2538,
#2539,#2540,#2541,#2542,#2543,#2544,#2545),.UNSPECIFIED.,.F.,.F.,(4,3,3,
3,4),(0.03780063730582,0.0385380293753757,0.103520701863269,0.168503374351163,
0.233486046839056),.UNSPECIFIED.);
#36=B_SPLINE_CURVE_WITH_KNOTS('',3,(#2547,#2548,#2549,#2550,#2551,#2552,
#2553,#2554,#2555,#2556,#2557,#2558,#2559,#2560,#2561,#2562),
 .UNSPECIFIED.,.F.,.F.,(4,2,2,2,2,2,2,4),(0.0049076483985067,0.00821396090978017,
0.0466044531921914,0.078213552439374,0.0813122045611872,0.0825827533948319,
0.0835235189700228,0.0836461722169036),.UNSPECIFIED.);
#37=B_SPLINE_CURVE_WITH_KNOTS('',3,(#2563,#2564,#2565,#2566,#2567,#2568),
 .UNSPECIFIED.,.F.,.F.,(4,2,4),(0.281721670427876,0.284596976937032,0.286147924369734),
 .UNSPECIFIED.);
#38=B_SPLINE_CURVE_WITH_KNOTS('',3,(#2598,#2599,#2600,#2601,#2602,#2603,
#2604,#2605,#2606,#2607,#2608,#2609,#2610,#2611,#2612,#2613),
 .UNSPECIFIED.,.F.,.F.,(4,2,2,2,2,2,2,4),(0.0836085674493169,0.08407215509457,
0.085818954505817,0.0886845020460532,0.0988304107115654,0.11581278249031,
0.143703178740849,0.16224264531076),.UNSPECIFIED.);
#39=B_SPLINE_CURVE_WITH_KNOTS('',3,(#2615,#2616,#2617,#2618,#2619,#2620,
#2621,#2622,#2623,#2624,#2625,#2626,#2627),.UNSPECIFIED.,.F.,.F.,(4,3,3,
3,4),(0.,0.0649826724879166,0.129965344975833,0.19494801746375,0.195685409533574),
 .UNSPECIFIED.);
#40=B_SPLINE_CURVE_WITH_KNOTS('',3,(#2629,#2630,#2631,#2632),
 .UNSPECIFIED.,.F.,.F.,(4,4),(-0.950000000000002,2.85),.UNSPECIFIED.);
#41=B_SPLINE_CURVE_WITH_KNOTS('',3,(#2634,#2635,#2636,#2637,#2638,#2639,
#2640,#2641,#2642,#2643,#2644,#2645,#2646),.UNSPECIFIED.,.F.,.F.,(4,3,3,
3,4),(0.0378006373058143,0.0385380293753758,0.103520701863275,0.168503374351175,
0.233486046839074),.UNSPECIFIED.);
#42=B_SPLINE_CURVE_WITH_KNOTS('',3,(#2647,#2648,#2649,#2650,#2651,#2652,
#2653,#2654,#2655,#2656,#2657,#2658,#2659,#2660),.UNSPECIFIED.,.F.,.F.,
(4,2,2,2,2,2,4),(0.00490838098454358,0.0128731298448205,0.0497289490484149,
0.0763457347310221,0.0804772860007458,0.082494365364665,0.0836085674497128),
 .UNSPECIFIED.);
#43=B_SPLINE_SURFACE_WITH_KNOTS('',3,3,((#2186,#2187,#2188,#2189),(#2190,
#2191,#2192,#2193),(#2194,#2195,#2196,#2197),(#2198,#2199,#2200,#2201),
(#2202,#2203,#2204,#2205),(#2206,#2207,#2208,#2209),(#2210,#2211,#2212,
#2213)),.UNSPECIFIED.,.F.,.F.,.F.,(4,1,1,1,4),(4,4),(0.,0.285714285714286,
0.571428571428571,0.857142857142857,1.),(-2.92071067811862,1.02071067811866),
 .UNSPECIFIED.);
#44=B_SPLINE_SURFACE_WITH_KNOTS('',3,3,((#2298,#2299,#2300,#2301),(#2302,
#2303,#2304,#2305),(#2306,#2307,#2308,#2309),(#2310,#2311,#2312,#2313),
(#2314,#2315,#2316,#2317),(#2318,#2319,#2320,#2321),(#2322,#2323,#2324,
#2325)),.UNSPECIFIED.,.F.,.F.,.F.,(4,1,1,1,4),(4,4),(0.,0.285714285714286,
0.571428571428571,0.857142857142857,1.),(-4.60071067811867,1.58071067811867),
 .UNSPECIFIED.);
#45=B_SPLINE_SURFACE_WITH_KNOTS('',3,3,((#2470,#2471,#2472,#2473),(#2474,
#2475,#2476,#2477),(#2478,#2479,#2480,#2481),(#2482,#2483,#2484,#2485),
(#2486,#2487,#2488,#2489),(#2490,#2491,#2492,#2493),(#2494,#2495,#2496,
#2497)),.UNSPECIFIED.,.F.,.F.,.F.,(4,1,1,1,4),(4,4),(0.,0.285714285714286,
0.571428571428571,0.857142857142857,1.),(-4.60071067811867,1.5807106781187),
 .UNSPECIFIED.);
#46=B_SPLINE_SURFACE_WITH_KNOTS('',3,3,((#2569,#2570,#2571,#2572),(#2573,
#2574,#2575,#2576),(#2577,#2578,#2579,#2580),(#2581,#2582,#2583,#2584),
(#2585,#2586,#2587,#2588),(#2589,#2590,#2591,#2592),(#2593,#2594,#2595,
#2596)),.UNSPECIFIED.,.F.,.F.,.F.,(4,1,1,1,4),(4,4),(0.,0.285714285714286,
0.571428571428571,0.857142857142857,1.),(-2.92071067811868,1.02071067811873),
 .UNSPECIFIED.);
#47=FACE_BOUND('',#212,.T.);
#48=FACE_BOUND('',#213,.T.);
#49=FACE_BOUND('',#214,.T.);
#50=FACE_BOUND('',#215,.T.);
#51=FACE_BOUND('',#216,.T.);
#52=FACE_BOUND('',#234,.T.);
#53=FACE_BOUND('',#235,.T.);
#54=FACE_BOUND('',#236,.T.);
#55=FACE_BOUND('',#237,.T.);
#56=FACE_BOUND('',#238,.T.);
#57=CIRCLE('',#1506,1.00000000000001);
#58=CIRCLE('',#1507,1.00000000000001);
#59=CIRCLE('',#1510,3.00000000000001);
#60=CIRCLE('',#1512,1.00000000000001);
#61=CIRCLE('',#1513,1.00000000000001);
#62=CIRCLE('',#1514,1.00000000000001);
#63=CIRCLE('',#1515,4.00000005960464);
#64=CIRCLE('',#1516,0.500000000000003);
#65=CIRCLE('',#1517,0.499999999999998);
#66=CIRCLE('',#1518,0.499999999999998);
#67=CIRCLE('',#1519,0.500000000000007);
#68=CIRCLE('',#1520,0.500000000000003);
#69=CIRCLE('',#1521,0.499999999999998);
#70=CIRCLE('',#1522,0.499999999999998);
#71=CIRCLE('',#1523,0.499999999999998);
#72=CIRCLE('',#1524,0.500000000000003);
#73=CIRCLE('',#1525,0.5);
#74=CIRCLE('',#1526,0.499999999999998);
#75=CIRCLE('',#1527,0.499999999999998);
#76=CIRCLE('',#1531,1.00000000000001);
#77=CIRCLE('',#1533,3.00000000000001);
#78=CIRCLE('',#1535,1.00000000000001);
#79=CIRCLE('',#1539,3.00000000000001);
#80=CIRCLE('',#1541,3.00000000000001);
#81=CIRCLE('',#1543,1.00000000000001);
#82=CIRCLE('',#1547,3.00000000000001);
#83=CIRCLE('',#1549,3.00000000000001);
#84=CIRCLE('',#1551,4.00000005960464);
#85=CIRCLE('',#1552,0.500000000000003);
#86=CIRCLE('',#1553,0.500000000000007);
#87=CIRCLE('',#1554,0.499999999999998);
#88=CIRCLE('',#1555,0.499999999999998);
#89=CIRCLE('',#1556,0.500000000000003);
#90=CIRCLE('',#1557,0.499999999999998);
#91=CIRCLE('',#1558,0.499999999999998);
#92=CIRCLE('',#1559,0.499999999999998);
#93=CIRCLE('',#1560,0.500000000000003);
#94=CIRCLE('',#1561,0.499999999999998);
#95=CIRCLE('',#1562,0.499999999999998);
#96=CIRCLE('',#1563,0.5);
#97=CIRCLE('',#1575,1.00000000000001);
#98=CIRCLE('',#1579,1.00000000000001);
#99=CIRCLE('',#1582,3.00000000000001);
#100=CIRCLE('',#1587,1.00000000000001);
#101=CIRCLE('',#1591,3.00000000000001);
#102=CIRCLE('',#1594,1.00000000000001);
#103=CYLINDRICAL_SURFACE('',#1505,1.00000000000001);
#104=CYLINDRICAL_SURFACE('',#1530,1.00000000000001);
#105=CYLINDRICAL_SURFACE('',#1534,1.00000000000001);
#106=CYLINDRICAL_SURFACE('',#1540,3.00000000000001);
#107=CYLINDRICAL_SURFACE('',#1542,1.00000000000001);
#108=CYLINDRICAL_SURFACE('',#1548,3.00000000000001);
#109=CYLINDRICAL_SURFACE('',#1574,1.00000000000001);
#110=CYLINDRICAL_SURFACE('',#1578,1.00000000000001);
#111=CYLINDRICAL_SURFACE('',#1581,3.00000000000001);
#112=CYLINDRICAL_SURFACE('',#1586,1.00000000000001);
#113=CYLINDRICAL_SURFACE('',#1590,3.00000000000001);
#114=CYLINDRICAL_SURFACE('',#1593,1.00000000000001);
#115=CYLINDRICAL_SURFACE('',#1597,0.5);
#116=CYLINDRICAL_SURFACE('',#1599,0.499999999999998);
#117=CYLINDRICAL_SURFACE('',#1601,0.499999999999998);
#118=CYLINDRICAL_SURFACE('',#1603,0.500000000000003);
#119=CYLINDRICAL_SURFACE('',#1605,0.499999999999998);
#120=CYLINDRICAL_SURFACE('',#1607,0.499999999999998);
#121=CYLINDRICAL_SURFACE('',#1609,0.499999999999998);
#122=CYLINDRICAL_SURFACE('',#1611,0.500000000000003);
#123=CYLINDRICAL_SURFACE('',#1613,0.499999999999998);
#124=CYLINDRICAL_SURFACE('',#1615,0.499999999999998);
#125=CYLINDRICAL_SURFACE('',#1617,0.500000000000007);
#126=CYLINDRICAL_SURFACE('',#1619,0.500000000000003);
#127=CYLINDRICAL_SURFACE('',#1624,4.00000005960464);
#128=FACE_OUTER_BOUND('',#207,.T.);
#129=FACE_OUTER_BOUND('',#208,.T.);
#130=FACE_OUTER_BOUND('',#209,.T.);
#131=FACE_OUTER_BOUND('',#210,.T.);
#132=FACE_OUTER_BOUND('',#211,.T.);
#133=FACE_OUTER_BOUND('',#217,.T.);
#134=FACE_OUTER_BOUND('',#218,.T.);
#135=FACE_OUTER_BOUND('',#219,.T.);
#136=FACE_OUTER_BOUND('',#220,.T.);
#137=FACE_OUTER_BOUND('',#221,.T.);
#138=FACE_OUTER_BOUND('',#222,.T.);
#139=FACE_OUTER_BOUND('',#223,.T.);
#140=FACE_OUTER_BOUND('',#224,.T.);
#141=FACE_OUTER_BOUND('',#225,.T.);
#142=FACE_OUTER_BOUND('',#226,.T.);
#143=FACE_OUTER_BOUND('',#227,.T.);
#144=FACE_OUTER_BOUND('',#228,.T.);
#145=FACE_OUTER_BOUND('',#229,.T.);
#146=FACE_OUTER_BOUND('',#230,.T.);
#147=FACE_OUTER_BOUND('',#231,.T.);
#148=FACE_OUTER_BOUND('',#232,.T.);
#149=FACE_OUTER_BOUND('',#233,.T.);
#150=FACE_OUTER_BOUND('',#239,.T.);
#151=FACE_OUTER_BOUND('',#240,.T.);
#152=FACE_OUTER_BOUND('',#241,.T.);
#153=FACE_OUTER_BOUND('',#242,.T.);
#154=FACE_OUTER_BOUND('',#243,.T.);
#155=FACE_OUTER_BOUND('',#244,.T.);
#156=FACE_OUTER_BOUND('',#245,.T.);
#157=FACE_OUTER_BOUND('',#246,.T.);
#158=FACE_OUTER_BOUND('',#247,.T.);
#159=FACE_OUTER_BOUND('',#248,.T.);
#160=FACE_OUTER_BOUND('',#249,.T.);
#161=FACE_OUTER_BOUND('',#250,.T.);
#162=FACE_OUTER_BOUND('',#251,.T.);
#163=FACE_OUTER_BOUND('',#252,.T.);
#164=FACE_OUTER_BOUND('',#253,.T.);
#165=FACE_OUTER_BOUND('',#254,.T.);
#166=FACE_OUTER_BOUND('',#255,.T.);
#167=FACE_OUTER_BOUND('',#256,.T.);
#168=FACE_OUTER_BOUND('',#257,.T.);
#169=FACE_OUTER_BOUND('',#258,.T.);
#170=FACE_OUTER_BOUND('',#259,.T.);
#171=FACE_OUTER_BOUND('',#260,.T.);
#172=FACE_OUTER_BOUND('',#261,.T.);
#173=FACE_OUTER_BOUND('',#262,.T.);
#174=FACE_OUTER_BOUND('',#263,.T.);
#175=FACE_OUTER_BOUND('',#264,.T.);
#176=FACE_OUTER_BOUND('',#265,.T.);
#177=FACE_OUTER_BOUND('',#266,.T.);
#178=FACE_OUTER_BOUND('',#267,.T.);
#179=FACE_OUTER_BOUND('',#268,.T.);
#180=FACE_OUTER_BOUND('',#269,.T.);
#181=FACE_OUTER_BOUND('',#270,.T.);
#182=FACE_OUTER_BOUND('',#271,.T.);
#183=FACE_OUTER_BOUND('',#272,.T.);
#184=FACE_OUTER_BOUND('',#273,.T.);
#185=FACE_OUTER_BOUND('',#274,.T.);
#186=FACE_OUTER_BOUND('',#275,.T.);
#187=FACE_OUTER_BOUND('',#276,.T.);
#188=FACE_OUTER_BOUND('',#277,.T.);
#189=FACE_OUTER_BOUND('',#278,.T.);
#190=FACE_OUTER_BOUND('',#279,.T.);
#191=FACE_OUTER_BOUND('',#280,.T.);
#192=FACE_OUTER_BOUND('',#281,.T.);
#193=FACE_OUTER_BOUND('',#282,.T.);
#194=FACE_OUTER_BOUND('',#283,.T.);
#195=FACE_OUTER_BOUND('',#284,.T.);
#196=FACE_OUTER_BOUND('',#285,.T.);
#197=FACE_OUTER_BOUND('',#286,.T.);
#198=FACE_OUTER_BOUND('',#287,.T.);
#199=FACE_OUTER_BOUND('',#288,.T.);
#200=FACE_OUTER_BOUND('',#289,.T.);
#201=FACE_OUTER_BOUND('',#290,.T.);
#202=FACE_OUTER_BOUND('',#291,.T.);
#203=FACE_OUTER_BOUND('',#292,.T.);
#204=FACE_OUTER_BOUND('',#293,.T.);
#205=FACE_OUTER_BOUND('',#294,.T.);
#206=FACE_OUTER_BOUND('',#295,.T.);
#207=EDGE_LOOP('',(#931,#932,#933,#934));
#208=EDGE_LOOP('',(#935,#936,#937,#938));
#209=EDGE_LOOP('',(#939,#940,#941,#942));
#210=EDGE_LOOP('',(#943,#944,#945,#946));
#211=EDGE_LOOP('',(#947,#948,#949,#950,#951,#952,#953,#954,#955,#956,#957,
#958,#959,#960,#961,#962));
#212=EDGE_LOOP('',(#963));
#213=EDGE_LOOP('',(#964,#965,#966,#967));
#214=EDGE_LOOP('',(#968,#969,#970,#971,#972,#973,#974,#975));
#215=EDGE_LOOP('',(#976,#977,#978,#979,#980,#981,#982,#983));
#216=EDGE_LOOP('',(#984,#985,#986,#987,#988,#989,#990,#991));
#217=EDGE_LOOP('',(#992,#993,#994,#995));
#218=EDGE_LOOP('',(#996,#997,#998,#999));
#219=EDGE_LOOP('',(#1000,#1001,#1002,#1003));
#220=EDGE_LOOP('',(#1004,#1005,#1006,#1007));
#221=EDGE_LOOP('',(#1008,#1009,#1010,#1011));
#222=EDGE_LOOP('',(#1012,#1013,#1014,#1015));
#223=EDGE_LOOP('',(#1016,#1017,#1018,#1019));
#224=EDGE_LOOP('',(#1020,#1021,#1022,#1023));
#225=EDGE_LOOP('',(#1024,#1025,#1026,#1027,#1028,#1029,#1030,#1031));
#226=EDGE_LOOP('',(#1032,#1033,#1034,#1035));
#227=EDGE_LOOP('',(#1036,#1037,#1038,#1039));
#228=EDGE_LOOP('',(#1040,#1041,#1042,#1043));
#229=EDGE_LOOP('',(#1044,#1045,#1046,#1047));
#230=EDGE_LOOP('',(#1048,#1049,#1050,#1051,#1052,#1053,#1054,#1055));
#231=EDGE_LOOP('',(#1056,#1057,#1058,#1059,#1060,#1061,#1062,#1063));
#232=EDGE_LOOP('',(#1064,#1065,#1066,#1067,#1068,#1069,#1070,#1071));
#233=EDGE_LOOP('',(#1072,#1073,#1074,#1075));
#234=EDGE_LOOP('',(#1076));
#235=EDGE_LOOP('',(#1077,#1078,#1079,#1080));
#236=EDGE_LOOP('',(#1081,#1082,#1083,#1084,#1085,#1086,#1087,#1088));
#237=EDGE_LOOP('',(#1089,#1090,#1091,#1092,#1093,#1094,#1095,#1096));
#238=EDGE_LOOP('',(#1097,#1098,#1099,#1100,#1101,#1102,#1103,#1104));
#239=EDGE_LOOP('',(#1105,#1106,#1107,#1108,#1109,#1110,#1111,#1112));
#240=EDGE_LOOP('',(#1113,#1114,#1115,#1116,#1117,#1118,#1119,#1120));
#241=EDGE_LOOP('',(#1121,#1122,#1123,#1124));
#242=EDGE_LOOP('',(#1125,#1126,#1127,#1128));
#243=EDGE_LOOP('',(#1129,#1130,#1131,#1132));
#244=EDGE_LOOP('',(#1133,#1134,#1135,#1136));
#245=EDGE_LOOP('',(#1137,#1138,#1139,#1140));
#246=EDGE_LOOP('',(#1141,#1142,#1143,#1144));
#247=EDGE_LOOP('',(#1145,#1146,#1147,#1148));
#248=EDGE_LOOP('',(#1149,#1150,#1151,#1152));
#249=EDGE_LOOP('',(#1153,#1154,#1155,#1156,#1157));
#250=EDGE_LOOP('',(#1158,#1159,#1160,#1161,#1162));
#251=EDGE_LOOP('',(#1163,#1164,#1165,#1166,#1167));
#252=EDGE_LOOP('',(#1168,#1169,#1170,#1171));
#253=EDGE_LOOP('',(#1172,#1173,#1174,#1175,#1176));
#254=EDGE_LOOP('',(#1177,#1178,#1179,#1180,#1181));
#255=EDGE_LOOP('',(#1182,#1183,#1184,#1185,#1186));
#256=EDGE_LOOP('',(#1187,#1188,#1189,#1190,#1191,#1192,#1193,#1194));
#257=EDGE_LOOP('',(#1195,#1196,#1197,#1198));
#258=EDGE_LOOP('',(#1199,#1200,#1201,#1202,#1203));
#259=EDGE_LOOP('',(#1204,#1205,#1206,#1207,#1208));
#260=EDGE_LOOP('',(#1209,#1210,#1211,#1212,#1213));
#261=EDGE_LOOP('',(#1214,#1215,#1216,#1217));
#262=EDGE_LOOP('',(#1218,#1219,#1220,#1221,#1222));
#263=EDGE_LOOP('',(#1223,#1224,#1225,#1226,#1227,#1228,#1229,#1230));
#264=EDGE_LOOP('',(#1231,#1232,#1233,#1234,#1235));
#265=EDGE_LOOP('',(#1236,#1237,#1238,#1239,#1240));
#266=EDGE_LOOP('',(#1241,#1242,#1243,#1244));
#267=EDGE_LOOP('',(#1245,#1246,#1247,#1248));
#268=EDGE_LOOP('',(#1249,#1250,#1251,#1252));
#269=EDGE_LOOP('',(#1253,#1254,#1255,#1256));
#270=EDGE_LOOP('',(#1257,#1258,#1259,#1260));
#271=EDGE_LOOP('',(#1261,#1262,#1263,#1264));
#272=EDGE_LOOP('',(#1265,#1266,#1267,#1268));
#273=EDGE_LOOP('',(#1269,#1270,#1271,#1272));
#274=EDGE_LOOP('',(#1273,#1274,#1275,#1276));
#275=EDGE_LOOP('',(#1277,#1278,#1279,#1280));
#276=EDGE_LOOP('',(#1281,#1282,#1283,#1284));
#277=EDGE_LOOP('',(#1285,#1286,#1287,#1288));
#278=EDGE_LOOP('',(#1289,#1290,#1291,#1292));
#279=EDGE_LOOP('',(#1293,#1294,#1295,#1296));
#280=EDGE_LOOP('',(#1297,#1298,#1299,#1300));
#281=EDGE_LOOP('',(#1301,#1302,#1303,#1304));
#282=EDGE_LOOP('',(#1305,#1306,#1307,#1308));
#283=EDGE_LOOP('',(#1309,#1310,#1311,#1312));
#284=EDGE_LOOP('',(#1313,#1314,#1315,#1316));
#285=EDGE_LOOP('',(#1317,#1318,#1319,#1320));
#286=EDGE_LOOP('',(#1321,#1322,#1323,#1324));
#287=EDGE_LOOP('',(#1325,#1326,#1327,#1328));
#288=EDGE_LOOP('',(#1329,#1330,#1331,#1332));
#289=EDGE_LOOP('',(#1333,#1334,#1335,#1336));
#290=EDGE_LOOP('',(#1337,#1338,#1339,#1340));
#291=EDGE_LOOP('',(#1341,#1342,#1343,#1344));
#292=EDGE_LOOP('',(#1345,#1346,#1347,#1348));
#293=EDGE_LOOP('',(#1349,#1350,#1351,#1352));
#294=EDGE_LOOP('',(#1353,#1354,#1355,#1356));
#295=EDGE_LOOP('',(#1357,#1358,#1359,#1360));
#296=LINE('',#2014,#437);
#297=LINE('',#2016,#438);
#298=LINE('',#2018,#439);
#299=LINE('',#2019,#440);
#300=LINE('',#2024,#441);
#301=LINE('',#2028,#442);
#302=LINE('',#2030,#443);
#303=LINE('',#2031,#444);
#304=LINE('',#2036,#445);
#305=LINE('',#2038,#446);
#306=LINE('',#2042,#447);
#307=LINE('',#2044,#448);
#308=LINE('',#2046,#449);
#309=LINE('',#2050,#450);
#310=LINE('',#2052,#451);
#311=LINE('',#2054,#452);
#312=LINE('',#2058,#453);
#313=LINE('',#2059,#454);
#314=LINE('',#2064,#455);
#315=LINE('',#2066,#456);
#316=LINE('',#2068,#457);
#317=LINE('',#2069,#458);
#318=LINE('',#2074,#459);
#319=LINE('',#2078,#460);
#320=LINE('',#2082,#461);
#321=LINE('',#2085,#462);
#322=LINE('',#2090,#463);
#323=LINE('',#2094,#464);
#324=LINE('',#2098,#465);
#325=LINE('',#2101,#466);
#326=LINE('',#2106,#467);
#327=LINE('',#2110,#468);
#328=LINE('',#2114,#469);
#329=LINE('',#2117,#470);
#330=LINE('',#2120,#471);
#331=LINE('',#2122,#472);
#332=LINE('',#2123,#473);
#333=LINE('',#2126,#474);
#334=LINE('',#2128,#475);
#335=LINE('',#2129,#476);
#336=LINE('',#2136,#477);
#337=LINE('',#2139,#478);
#338=LINE('',#2142,#479);
#339=LINE('',#2143,#480);
#340=LINE('',#2146,#481);
#341=LINE('',#2147,#482);
#342=LINE('',#2153,#483);
#343=LINE('',#2157,#484);
#344=LINE('',#2158,#485);
#345=LINE('',#2159,#486);
#346=LINE('',#2162,#487);
#347=LINE('',#2165,#488);
#348=LINE('',#2168,#489);
#349=LINE('',#2169,#490);
#350=LINE('',#2172,#491);
#351=LINE('',#2173,#492);
#352=LINE('',#2179,#493);
#353=LINE('',#2183,#494);
#354=LINE('',#2184,#495);
#355=LINE('',#2185,#496);
#356=LINE('',#2416,#497);
#357=LINE('',#2418,#498);
#358=LINE('',#2420,#499);
#359=LINE('',#2421,#500);
#360=LINE('',#2426,#501);
#361=LINE('',#2430,#502);
#362=LINE('',#2434,#503);
#363=LINE('',#2437,#504);
#364=LINE('',#2442,#505);
#365=LINE('',#2446,#506);
#366=LINE('',#2450,#507);
#367=LINE('',#2453,#508);
#368=LINE('',#2458,#509);
#369=LINE('',#2462,#510);
#370=LINE('',#2466,#511);
#371=LINE('',#2469,#512);
#372=LINE('',#2663,#513);
#373=LINE('',#2664,#514);
#374=LINE('',#2665,#515);
#375=LINE('',#2667,#516);
#376=LINE('',#2670,#517);
#377=LINE('',#2672,#518);
#378=LINE('',#2673,#519);
#379=LINE('',#2675,#520);
#380=LINE('',#2676,#521);
#381=LINE('',#2678,#522);
#382=LINE('',#2679,#523);
#383=LINE('',#2680,#524);
#384=LINE('',#2683,#525);
#385=LINE('',#2685,#526);
#386=LINE('',#2686,#527);
#387=LINE('',#2688,#528);
#388=LINE('',#2691,#529);
#389=LINE('',#2692,#530);
#390=LINE('',#2695,#531);
#391=LINE('',#2696,#532);
#392=LINE('',#2702,#533);
#393=LINE('',#2704,#534);
#394=LINE('',#2705,#535);
#395=LINE('',#2709,#536);
#396=LINE('',#2712,#537);
#397=LINE('',#2713,#538);
#398=LINE('',#2719,#539);
#399=LINE('',#2720,#540);
#400=LINE('',#2723,#541);
#401=LINE('',#2724,#542);
#402=LINE('',#2730,#543);
#403=LINE('',#2732,#544);
#404=LINE('',#2733,#545);
#405=LINE('',#2737,#546);
#406=LINE('',#2740,#547);
#407=LINE('',#2741,#548);
#408=LINE('',#2746,#549);
#409=LINE('',#2747,#550);
#410=LINE('',#2749,#551);
#411=LINE('',#2751,#552);
#412=LINE('',#2753,#553);
#413=LINE('',#2755,#554);
#414=LINE('',#2757,#555);
#415=LINE('',#2759,#556);
#416=LINE('',#2762,#557);
#417=LINE('',#2763,#558);
#418=LINE('',#2765,#559);
#419=LINE('',#2767,#560);
#420=LINE('',#2769,#561);
#421=LINE('',#2771,#562);
#422=LINE('',#2773,#563);
#423=LINE('',#2775,#564);
#424=LINE('',#2778,#565);
#425=LINE('',#2779,#566);
#426=LINE('',#2781,#567);
#427=LINE('',#2783,#568);
#428=LINE('',#2785,#569);
#429=LINE('',#2787,#570);
#430=LINE('',#2789,#571);
#431=LINE('',#2791,#572);
#432=LINE('',#2794,#573);
#433=LINE('',#2795,#574);
#434=LINE('',#2797,#575);
#435=LINE('',#2799,#576);
#436=LINE('',#2802,#577);
#437=VECTOR('',#1629,10.);
#438=VECTOR('',#1630,10.);
#439=VECTOR('',#1631,10.);
#440=VECTOR('',#1632,10.);
#441=VECTOR('',#1637,10.);
#442=VECTOR('',#1642,10.);
#443=VECTOR('',#1643,10.);
#444=VECTOR('',#1644,10.);
#445=VECTOR('',#1651,10.);
#446=VECTOR('',#1652,10.);
#447=VECTOR('',#1655,10.);
#448=VECTOR('',#1656,10.);
#449=VECTOR('',#1657,10.);
#450=VECTOR('',#1660,10.);
#451=VECTOR('',#1661,10.);
#452=VECTOR('',#1662,10.);
#453=VECTOR('',#1665,10.);
#454=VECTOR('',#1666,10.);
#455=VECTOR('',#1669,10.);
#456=VECTOR('',#1670,10.);
#457=VECTOR('',#1671,10.);
#458=VECTOR('',#1672,10.);
#459=VECTOR('',#1675,10.);
#460=VECTOR('',#1678,10.);
#461=VECTOR('',#1681,10.);
#462=VECTOR('',#1684,10.);
#463=VECTOR('',#1687,10.);
#464=VECTOR('',#1690,10.);
#465=VECTOR('',#1693,10.);
#466=VECTOR('',#1696,10.);
#467=VECTOR('',#1699,10.);
#468=VECTOR('',#1702,10.);
#469=VECTOR('',#1705,10.);
#470=VECTOR('',#1708,10.);
#471=VECTOR('',#1711,10.);
#472=VECTOR('',#1712,10.);
#473=VECTOR('',#1713,10.);
#474=VECTOR('',#1716,10.);
#475=VECTOR('',#1717,10.);
#476=VECTOR('',#1718,10.);
#477=VECTOR('',#1729,10.);
#478=VECTOR('',#1732,10.);
#479=VECTOR('',#1735,10.);
#480=VECTOR('',#1736,10.);
#481=VECTOR('',#1739,10.);
#482=VECTOR('',#1740,10.);
#483=VECTOR('',#1747,10.);
#484=VECTOR('',#1750,10.);
#485=VECTOR('',#1751,10.);
#486=VECTOR('',#1752,10.);
#487=VECTOR('',#1755,10.);
#488=VECTOR('',#1758,10.);
#489=VECTOR('',#1761,10.);
#490=VECTOR('',#1762,10.);
#491=VECTOR('',#1765,10.);
#492=VECTOR('',#1766,10.);
#493=VECTOR('',#1773,10.);
#494=VECTOR('',#1776,10.);
#495=VECTOR('',#1777,10.);
#496=VECTOR('',#1778,10.);
#497=VECTOR('',#1783,10.);
#498=VECTOR('',#1784,10.);
#499=VECTOR('',#1785,10.);
#500=VECTOR('',#1786,10.);
#501=VECTOR('',#1789,10.);
#502=VECTOR('',#1792,10.);
#503=VECTOR('',#1795,10.);
#504=VECTOR('',#1798,10.);
#505=VECTOR('',#1801,10.);
#506=VECTOR('',#1804,10.);
#507=VECTOR('',#1807,10.);
#508=VECTOR('',#1810,10.);
#509=VECTOR('',#1813,10.);
#510=VECTOR('',#1816,10.);
#511=VECTOR('',#1819,10.);
#512=VECTOR('',#1822,10.);
#513=VECTOR('',#1825,10.);
#514=VECTOR('',#1826,10.);
#515=VECTOR('',#1827,10.);
#516=VECTOR('',#1830,10.);
#517=VECTOR('',#1833,10.);
#518=VECTOR('',#1834,10.);
#519=VECTOR('',#1835,10.);
#520=VECTOR('',#1838,10.);
#521=VECTOR('',#1839,10.);
#522=VECTOR('',#1842,10.);
#523=VECTOR('',#1843,10.);
#524=VECTOR('',#1844,10.);
#525=VECTOR('',#1849,10.);
#526=VECTOR('',#1850,10.);
#527=VECTOR('',#1851,10.);
#528=VECTOR('',#1854,10.);
#529=VECTOR('',#1857,10.);
#530=VECTOR('',#1858,10.);
#531=VECTOR('',#1861,10.);
#532=VECTOR('',#1862,10.);
#533=VECTOR('',#1871,10.);
#534=VECTOR('',#1872,10.);
#535=VECTOR('',#1873,10.);
#536=VECTOR('',#1878,10.);
#537=VECTOR('',#1881,10.);
#538=VECTOR('',#1882,10.);
#539=VECTOR('',#1891,10.);
#540=VECTOR('',#1892,10.);
#541=VECTOR('',#1895,10.);
#542=VECTOR('',#1896,10.);
#543=VECTOR('',#1905,10.);
#544=VECTOR('',#1906,10.);
#545=VECTOR('',#1907,10.);
#546=VECTOR('',#1912,10.);
#547=VECTOR('',#1915,10.);
#548=VECTOR('',#1916,10.);
#549=VECTOR('',#1925,10.);
#550=VECTOR('',#1926,10.);
#551=VECTOR('',#1929,10.);
#552=VECTOR('',#1932,10.);
#553=VECTOR('',#1935,10.);
#554=VECTOR('',#1938,10.);
#555=VECTOR('',#1941,10.);
#556=VECTOR('',#1944,10.);
#557=VECTOR('',#1949,10.);
#558=VECTOR('',#1950,10.);
#559=VECTOR('',#1953,10.);
#560=VECTOR('',#1956,10.);
#561=VECTOR('',#1959,10.);
#562=VECTOR('',#1962,10.);
#563=VECTOR('',#1965,10.);
#564=VECTOR('',#1968,10.);
#565=VECTOR('',#1973,10.);
#566=VECTOR('',#1974,10.);
#567=VECTOR('',#1977,10.);
#568=VECTOR('',#1980,10.);
#569=VECTOR('',#1983,10.);
#570=VECTOR('',#1986,10.);
#571=VECTOR('',#1989,10.);
#572=VECTOR('',#1992,10.);
#573=VECTOR('',#1997,10.);
#574=VECTOR('',#1998,10.);
#575=VECTOR('',#2001,10.);
#576=VECTOR('',#2004,10.);
#577=VECTOR('',#2009,4.00000005960464);
#578=VERTEX_POINT('',#2012);
#579=VERTEX_POINT('',#2013);
#580=VERTEX_POINT('',#2015);
#581=VERTEX_POINT('',#2017);
#582=VERTEX_POINT('',#2021);
#583=VERTEX_POINT('',#2023);
#584=VERTEX_POINT('',#2027);
#585=VERTEX_POINT('',#2029);
#586=VERTEX_POINT('',#2035);
#587=VERTEX_POINT('',#2037);
#588=VERTEX_POINT('',#2039);
#589=VERTEX_POINT('',#2041);
#590=VERTEX_POINT('',#2043);
#591=VERTEX_POINT('',#2045);
#592=VERTEX_POINT('',#2047);
#593=VERTEX_POINT('',#2049);
#594=VERTEX_POINT('',#2051);
#595=VERTEX_POINT('',#2053);
#596=VERTEX_POINT('',#2055);
#597=VERTEX_POINT('',#2057);
#598=VERTEX_POINT('',#2060);
#599=VERTEX_POINT('',#2062);
#600=VERTEX_POINT('',#2063);
#601=VERTEX_POINT('',#2065);
#602=VERTEX_POINT('',#2067);
#603=VERTEX_POINT('',#2070);
#604=VERTEX_POINT('',#2071);
#605=VERTEX_POINT('',#2073);
#606=VERTEX_POINT('',#2075);
#607=VERTEX_POINT('',#2077);
#608=VERTEX_POINT('',#2079);
#609=VERTEX_POINT('',#2081);
#610=VERTEX_POINT('',#2083);
#611=VERTEX_POINT('',#2086);
#612=VERTEX_POINT('',#2087);
#613=VERTEX_POINT('',#2089);
#614=VERTEX_POINT('',#2091);
#615=VERTEX_POINT('',#2093);
#616=VERTEX_POINT('',#2095);
#617=VERTEX_POINT('',#2097);
#618=VERTEX_POINT('',#2099);
#619=VERTEX_POINT('',#2102);
#620=VERTEX_POINT('',#2103);
#621=VERTEX_POINT('',#2105);
#622=VERTEX_POINT('',#2107);
#623=VERTEX_POINT('',#2109);
#624=VERTEX_POINT('',#2111);
#625=VERTEX_POINT('',#2113);
#626=VERTEX_POINT('',#2115);
#627=VERTEX_POINT('',#2119);
#628=VERTEX_POINT('',#2121);
#629=VERTEX_POINT('',#2125);
#630=VERTEX_POINT('',#2127);
#631=VERTEX_POINT('',#2135);
#632=VERTEX_POINT('',#2137);
#633=VERTEX_POINT('',#2141);
#634=VERTEX_POINT('',#2145);
#635=VERTEX_POINT('',#2151);
#636=VERTEX_POINT('',#2152);
#637=VERTEX_POINT('',#2154);
#638=VERTEX_POINT('',#2156);
#639=VERTEX_POINT('',#2161);
#640=VERTEX_POINT('',#2163);
#641=VERTEX_POINT('',#2167);
#642=VERTEX_POINT('',#2171);
#643=VERTEX_POINT('',#2177);
#644=VERTEX_POINT('',#2178);
#645=VERTEX_POINT('',#2180);
#646=VERTEX_POINT('',#2182);
#647=VERTEX_POINT('',#2214);
#648=VERTEX_POINT('',#2215);
#649=VERTEX_POINT('',#2229);
#650=VERTEX_POINT('',#2234);
#651=VERTEX_POINT('',#2248);
#652=VERTEX_POINT('',#2263);
#653=VERTEX_POINT('',#2270);
#654=VERTEX_POINT('',#2275);
#655=VERTEX_POINT('',#2326);
#656=VERTEX_POINT('',#2331);
#657=VERTEX_POINT('',#2338);
#658=VERTEX_POINT('',#2353);
#659=VERTEX_POINT('',#2367);
#660=VERTEX_POINT('',#2372);
#661=VERTEX_POINT('',#2403);
#662=VERTEX_POINT('',#2412);
#663=VERTEX_POINT('',#2414);
#664=VERTEX_POINT('',#2415);
#665=VERTEX_POINT('',#2417);
#666=VERTEX_POINT('',#2419);
#667=VERTEX_POINT('',#2422);
#668=VERTEX_POINT('',#2423);
#669=VERTEX_POINT('',#2425);
#670=VERTEX_POINT('',#2427);
#671=VERTEX_POINT('',#2429);
#672=VERTEX_POINT('',#2431);
#673=VERTEX_POINT('',#2433);
#674=VERTEX_POINT('',#2435);
#675=VERTEX_POINT('',#2438);
#676=VERTEX_POINT('',#2439);
#677=VERTEX_POINT('',#2441);
#678=VERTEX_POINT('',#2443);
#679=VERTEX_POINT('',#2445);
#680=VERTEX_POINT('',#2447);
#681=VERTEX_POINT('',#2449);
#682=VERTEX_POINT('',#2451);
#683=VERTEX_POINT('',#2454);
#684=VERTEX_POINT('',#2455);
#685=VERTEX_POINT('',#2457);
#686=VERTEX_POINT('',#2459);
#687=VERTEX_POINT('',#2461);
#688=VERTEX_POINT('',#2463);
#689=VERTEX_POINT('',#2465);
#690=VERTEX_POINT('',#2467);
#691=VERTEX_POINT('',#2498);
#692=VERTEX_POINT('',#2513);
#693=VERTEX_POINT('',#2527);
#694=VERTEX_POINT('',#2532);
#695=VERTEX_POINT('',#2546);
#696=VERTEX_POINT('',#2597);
#697=VERTEX_POINT('',#2614);
#698=VERTEX_POINT('',#2628);
#699=VERTEX_POINT('',#2633);
#700=VERTEX_POINT('',#2662);
#701=VERTEX_POINT('',#2669);
#702=VERTEX_POINT('',#2671);
#703=VERTEX_POINT('',#2684);
#704=VERTEX_POINT('',#2690);
#705=VERTEX_POINT('',#2694);
#706=VERTEX_POINT('',#2701);
#707=VERTEX_POINT('',#2703);
#708=VERTEX_POINT('',#2707);
#709=VERTEX_POINT('',#2711);
#710=VERTEX_POINT('',#2718);
#711=VERTEX_POINT('',#2722);
#712=VERTEX_POINT('',#2729);
#713=VERTEX_POINT('',#2731);
#714=VERTEX_POINT('',#2735);
#715=VERTEX_POINT('',#2739);
#716=EDGE_CURVE('',#578,#579,#296,.T.);
#717=EDGE_CURVE('',#580,#578,#297,.T.);
#718=EDGE_CURVE('',#581,#580,#298,.T.);
#719=EDGE_CURVE('',#581,#579,#299,.T.);
#720=EDGE_CURVE('',#582,#578,#57,.T.);
#721=EDGE_CURVE('',#583,#582,#300,.T.);
#722=EDGE_CURVE('',#580,#583,#58,.T.);
#723=EDGE_CURVE('',#584,#582,#301,.T.);
#724=EDGE_CURVE('',#585,#584,#302,.T.);
#725=EDGE_CURVE('',#585,#583,#303,.T.);
#726=EDGE_CURVE('',#581,#585,#59,.T.);
#727=EDGE_CURVE('',#579,#586,#304,.T.);
#728=EDGE_CURVE('',#586,#587,#305,.T.);
#729=EDGE_CURVE('',#587,#588,#60,.T.);
#730=EDGE_CURVE('',#588,#589,#306,.T.);
#731=EDGE_CURVE('',#589,#590,#307,.T.);
#732=EDGE_CURVE('',#590,#591,#308,.T.);
#733=EDGE_CURVE('',#591,#592,#61,.T.);
#734=EDGE_CURVE('',#592,#593,#309,.T.);
#735=EDGE_CURVE('',#593,#594,#310,.T.);
#736=EDGE_CURVE('',#594,#595,#311,.T.);
#737=EDGE_CURVE('',#595,#596,#62,.T.);
#738=EDGE_CURVE('',#596,#597,#312,.T.);
#739=EDGE_CURVE('',#597,#584,#313,.T.);
#740=EDGE_CURVE('',#598,#598,#63,.T.);
#741=EDGE_CURVE('',#599,#600,#314,.T.);
#742=EDGE_CURVE('',#601,#599,#315,.T.);
#743=EDGE_CURVE('',#602,#601,#316,.T.);
#744=EDGE_CURVE('',#600,#602,#317,.T.);
#745=EDGE_CURVE('',#603,#604,#64,.T.);
#746=EDGE_CURVE('',#605,#603,#318,.T.);
#747=EDGE_CURVE('',#606,#605,#65,.T.);
#748=EDGE_CURVE('',#607,#606,#319,.T.);
#749=EDGE_CURVE('',#608,#607,#66,.T.);
#750=EDGE_CURVE('',#609,#608,#320,.T.);
#751=EDGE_CURVE('',#610,#609,#67,.T.);
#752=EDGE_CURVE('',#604,#610,#321,.T.);
#753=EDGE_CURVE('',#611,#612,#68,.T.);
#754=EDGE_CURVE('',#613,#611,#322,.T.);
#755=EDGE_CURVE('',#614,#613,#69,.T.);
#756=EDGE_CURVE('',#615,#614,#323,.T.);
#757=EDGE_CURVE('',#616,#615,#70,.T.);
#758=EDGE_CURVE('',#617,#616,#324,.T.);
#759=EDGE_CURVE('',#618,#617,#71,.T.);
#760=EDGE_CURVE('',#612,#618,#325,.T.);
#761=EDGE_CURVE('',#619,#620,#72,.T.);
#762=EDGE_CURVE('',#621,#619,#326,.T.);
#763=EDGE_CURVE('',#622,#621,#73,.T.);
#764=EDGE_CURVE('',#623,#622,#327,.T.);
#765=EDGE_CURVE('',#624,#623,#74,.T.);
#766=EDGE_CURVE('',#625,#624,#328,.T.);
#767=EDGE_CURVE('',#626,#625,#75,.T.);
#768=EDGE_CURVE('',#620,#626,#329,.T.);
#769=EDGE_CURVE('',#627,#594,#330,.T.);
#770=EDGE_CURVE('',#627,#628,#331,.T.);
#771=EDGE_CURVE('',#628,#595,#332,.T.);
#772=EDGE_CURVE('',#629,#596,#333,.T.);
#773=EDGE_CURVE('',#630,#629,#334,.T.);
#774=EDGE_CURVE('',#630,#597,#335,.T.);
#775=EDGE_CURVE('',#629,#628,#76,.T.);
#776=EDGE_CURVE('',#630,#627,#77,.T.);
#777=EDGE_CURVE('',#631,#587,#336,.T.);
#778=EDGE_CURVE('',#632,#631,#78,.T.);
#779=EDGE_CURVE('',#632,#588,#337,.T.);
#780=EDGE_CURVE('',#633,#586,#338,.T.);
#781=EDGE_CURVE('',#633,#631,#339,.T.);
#782=EDGE_CURVE('',#634,#632,#340,.T.);
#783=EDGE_CURVE('',#634,#589,#341,.T.);
#784=EDGE_CURVE('',#634,#633,#79,.T.);
#785=EDGE_CURVE('',#635,#636,#342,.T.);
#786=EDGE_CURVE('',#637,#636,#80,.T.);
#787=EDGE_CURVE('',#638,#637,#343,.T.);
#788=EDGE_CURVE('',#589,#638,#344,.T.);
#789=EDGE_CURVE('',#586,#635,#345,.T.);
#790=EDGE_CURVE('',#639,#591,#346,.T.);
#791=EDGE_CURVE('',#640,#639,#81,.T.);
#792=EDGE_CURVE('',#640,#592,#347,.T.);
#793=EDGE_CURVE('',#641,#590,#348,.T.);
#794=EDGE_CURVE('',#641,#639,#349,.T.);
#795=EDGE_CURVE('',#642,#640,#350,.T.);
#796=EDGE_CURVE('',#642,#593,#351,.T.);
#797=EDGE_CURVE('',#642,#641,#82,.T.);
#798=EDGE_CURVE('',#643,#644,#352,.T.);
#799=EDGE_CURVE('',#645,#644,#83,.T.);
#800=EDGE_CURVE('',#646,#645,#353,.T.);
#801=EDGE_CURVE('',#593,#646,#354,.T.);
#802=EDGE_CURVE('',#590,#643,#355,.T.);
#803=EDGE_CURVE('',#647,#648,#15,.F.);
#804=EDGE_CURVE('',#648,#649,#16,.T.);
#805=EDGE_CURVE('',#650,#649,#17,.T.);
#806=EDGE_CURVE('',#650,#651,#18,.F.);
#807=EDGE_CURVE('',#651,#652,#19,.T.);
#808=EDGE_CURVE('',#652,#653,#20,.T.);
#809=EDGE_CURVE('',#653,#654,#21,.T.);
#810=EDGE_CURVE('',#647,#654,#22,.T.);
#811=EDGE_CURVE('',#653,#655,#23,.T.);
#812=EDGE_CURVE('',#656,#655,#24,.T.);
#813=EDGE_CURVE('',#656,#657,#25,.F.);
#814=EDGE_CURVE('',#657,#658,#26,.F.);
#815=EDGE_CURVE('',#658,#659,#27,.T.);
#816=EDGE_CURVE('',#660,#659,#28,.T.);
#817=EDGE_CURVE('',#654,#660,#29,.T.);
#818=EDGE_CURVE('',#661,#652,#30,.T.);
#819=EDGE_CURVE('',#655,#661,#31,.T.);
#820=EDGE_CURVE('',#662,#662,#84,.T.);
#821=EDGE_CURVE('',#663,#664,#356,.T.);
#822=EDGE_CURVE('',#664,#665,#357,.T.);
#823=EDGE_CURVE('',#665,#666,#358,.T.);
#824=EDGE_CURVE('',#666,#663,#359,.T.);
#825=EDGE_CURVE('',#667,#668,#85,.T.);
#826=EDGE_CURVE('',#668,#669,#360,.T.);
#827=EDGE_CURVE('',#669,#670,#86,.T.);
#828=EDGE_CURVE('',#670,#671,#361,.T.);
#829=EDGE_CURVE('',#671,#672,#87,.T.);
#830=EDGE_CURVE('',#672,#673,#362,.T.);
#831=EDGE_CURVE('',#673,#674,#88,.T.);
#832=EDGE_CURVE('',#674,#667,#363,.T.);
#833=EDGE_CURVE('',#675,#676,#89,.T.);
#834=EDGE_CURVE('',#676,#677,#364,.T.);
#835=EDGE_CURVE('',#677,#678,#90,.T.);
#836=EDGE_CURVE('',#678,#679,#365,.T.);
#837=EDGE_CURVE('',#679,#680,#91,.T.);
#838=EDGE_CURVE('',#680,#681,#366,.T.);
#839=EDGE_CURVE('',#681,#682,#92,.T.);
#840=EDGE_CURVE('',#682,#675,#367,.T.);
#841=EDGE_CURVE('',#683,#684,#93,.T.);
#842=EDGE_CURVE('',#684,#685,#368,.T.);
#843=EDGE_CURVE('',#685,#686,#94,.T.);
#844=EDGE_CURVE('',#686,#687,#369,.T.);
#845=EDGE_CURVE('',#687,#688,#95,.T.);
#846=EDGE_CURVE('',#688,#689,#370,.T.);
#847=EDGE_CURVE('',#689,#690,#96,.T.);
#848=EDGE_CURVE('',#690,#683,#371,.T.);
#849=EDGE_CURVE('',#651,#691,#32,.F.);
#850=EDGE_CURVE('',#691,#692,#33,.F.);
#851=EDGE_CURVE('',#692,#693,#34,.T.);
#852=EDGE_CURVE('',#694,#693,#35,.T.);
#853=EDGE_CURVE('',#694,#695,#36,.F.);
#854=EDGE_CURVE('',#695,#661,#37,.T.);
#855=EDGE_CURVE('',#695,#696,#38,.F.);
#856=EDGE_CURVE('',#696,#697,#39,.F.);
#857=EDGE_CURVE('',#697,#698,#40,.T.);
#858=EDGE_CURVE('',#699,#698,#41,.T.);
#859=EDGE_CURVE('',#699,#656,#42,.F.);
#860=EDGE_CURVE('',#700,#692,#372,.T.);
#861=EDGE_CURVE('',#700,#646,#373,.T.);
#862=EDGE_CURVE('',#646,#693,#374,.F.);
#863=EDGE_CURVE('',#594,#700,#375,.T.);
#864=EDGE_CURVE('',#701,#648,#376,.T.);
#865=EDGE_CURVE('',#701,#702,#377,.T.);
#866=EDGE_CURVE('',#702,#649,#378,.F.);
#867=EDGE_CURVE('',#584,#701,#379,.T.);
#868=EDGE_CURVE('',#597,#702,#380,.T.);
#869=EDGE_CURVE('',#643,#697,#381,.T.);
#870=EDGE_CURVE('',#643,#638,#382,.T.);
#871=EDGE_CURVE('',#638,#698,#383,.F.);
#872=EDGE_CURVE('',#635,#658,#384,.T.);
#873=EDGE_CURVE('',#635,#703,#385,.T.);
#874=EDGE_CURVE('',#703,#659,#386,.F.);
#875=EDGE_CURVE('',#579,#703,#387,.T.);
#876=EDGE_CURVE('',#657,#704,#388,.T.);
#877=EDGE_CURVE('',#636,#704,#389,.T.);
#878=EDGE_CURVE('',#705,#637,#390,.T.);
#879=EDGE_CURVE('',#699,#705,#391,.T.);
#880=EDGE_CURVE('',#704,#705,#97,.T.);
#881=EDGE_CURVE('',#703,#706,#392,.T.);
#882=EDGE_CURVE('',#707,#706,#393,.T.);
#883=EDGE_CURVE('',#660,#707,#394,.T.);
#884=EDGE_CURVE('',#708,#707,#98,.T.);
#885=EDGE_CURVE('',#647,#708,#395,.T.);
#886=EDGE_CURVE('',#709,#708,#396,.T.);
#887=EDGE_CURVE('',#701,#709,#397,.T.);
#888=EDGE_CURVE('',#706,#709,#99,.T.);
#889=EDGE_CURVE('',#696,#710,#398,.T.);
#890=EDGE_CURVE('',#644,#710,#399,.T.);
#891=EDGE_CURVE('',#711,#645,#400,.T.);
#892=EDGE_CURVE('',#694,#711,#401,.T.);
#893=EDGE_CURVE('',#710,#711,#100,.T.);
#894=EDGE_CURVE('',#691,#712,#402,.T.);
#895=EDGE_CURVE('',#713,#712,#403,.T.);
#896=EDGE_CURVE('',#700,#713,#404,.T.);
#897=EDGE_CURVE('',#714,#713,#101,.T.);
#898=EDGE_CURVE('',#702,#714,#405,.T.);
#899=EDGE_CURVE('',#715,#714,#406,.T.);
#900=EDGE_CURVE('',#650,#715,#407,.T.);
#901=EDGE_CURVE('',#712,#715,#102,.T.);
#902=EDGE_CURVE('',#619,#683,#408,.T.);
#903=EDGE_CURVE('',#621,#690,#409,.T.);
#904=EDGE_CURVE('',#622,#689,#410,.T.);
#905=EDGE_CURVE('',#623,#688,#411,.T.);
#906=EDGE_CURVE('',#624,#687,#412,.T.);
#907=EDGE_CURVE('',#625,#686,#413,.T.);
#908=EDGE_CURVE('',#626,#685,#414,.T.);
#909=EDGE_CURVE('',#620,#684,#415,.T.);
#910=EDGE_CURVE('',#611,#675,#416,.T.);
#911=EDGE_CURVE('',#613,#682,#417,.T.);
#912=EDGE_CURVE('',#614,#681,#418,.T.);
#913=EDGE_CURVE('',#615,#680,#419,.T.);
#914=EDGE_CURVE('',#616,#679,#420,.T.);
#915=EDGE_CURVE('',#617,#678,#421,.T.);
#916=EDGE_CURVE('',#618,#677,#422,.T.);
#917=EDGE_CURVE('',#612,#676,#423,.T.);
#918=EDGE_CURVE('',#603,#667,#424,.T.);
#919=EDGE_CURVE('',#605,#674,#425,.T.);
#920=EDGE_CURVE('',#606,#673,#426,.T.);
#921=EDGE_CURVE('',#607,#672,#427,.T.);
#922=EDGE_CURVE('',#608,#671,#428,.T.);
#923=EDGE_CURVE('',#609,#670,#429,.T.);
#924=EDGE_CURVE('',#610,#669,#430,.T.);
#925=EDGE_CURVE('',#604,#668,#431,.T.);
#926=EDGE_CURVE('',#599,#663,#432,.T.);
#927=EDGE_CURVE('',#601,#666,#433,.T.);
#928=EDGE_CURVE('',#602,#665,#434,.T.);
#929=EDGE_CURVE('',#600,#664,#435,.T.);
#930=EDGE_CURVE('',#662,#598,#436,.T.);
#931=ORIENTED_EDGE('',*,*,#716,.F.);
#932=ORIENTED_EDGE('',*,*,#717,.F.);
#933=ORIENTED_EDGE('',*,*,#718,.F.);
#934=ORIENTED_EDGE('',*,*,#719,.T.);
#935=ORIENTED_EDGE('',*,*,#720,.F.);
#936=ORIENTED_EDGE('',*,*,#721,.F.);
#937=ORIENTED_EDGE('',*,*,#722,.F.);
#938=ORIENTED_EDGE('',*,*,#717,.T.);
#939=ORIENTED_EDGE('',*,*,#723,.F.);
#940=ORIENTED_EDGE('',*,*,#724,.F.);
#941=ORIENTED_EDGE('',*,*,#725,.T.);
#942=ORIENTED_EDGE('',*,*,#721,.T.);
#943=ORIENTED_EDGE('',*,*,#726,.F.);
#944=ORIENTED_EDGE('',*,*,#718,.T.);
#945=ORIENTED_EDGE('',*,*,#722,.T.);
#946=ORIENTED_EDGE('',*,*,#725,.F.);
#947=ORIENTED_EDGE('',*,*,#723,.T.);
#948=ORIENTED_EDGE('',*,*,#720,.T.);
#949=ORIENTED_EDGE('',*,*,#716,.T.);
#950=ORIENTED_EDGE('',*,*,#727,.T.);
#951=ORIENTED_EDGE('',*,*,#728,.T.);
#952=ORIENTED_EDGE('',*,*,#729,.T.);
#953=ORIENTED_EDGE('',*,*,#730,.T.);
#954=ORIENTED_EDGE('',*,*,#731,.T.);
#955=ORIENTED_EDGE('',*,*,#732,.T.);
#956=ORIENTED_EDGE('',*,*,#733,.T.);
#957=ORIENTED_EDGE('',*,*,#734,.T.);
#958=ORIENTED_EDGE('',*,*,#735,.T.);
#959=ORIENTED_EDGE('',*,*,#736,.T.);
#960=ORIENTED_EDGE('',*,*,#737,.T.);
#961=ORIENTED_EDGE('',*,*,#738,.T.);
#962=ORIENTED_EDGE('',*,*,#739,.T.);
#963=ORIENTED_EDGE('',*,*,#740,.F.);
#964=ORIENTED_EDGE('',*,*,#741,.F.);
#965=ORIENTED_EDGE('',*,*,#742,.F.);
#966=ORIENTED_EDGE('',*,*,#743,.F.);
#967=ORIENTED_EDGE('',*,*,#744,.F.);
#968=ORIENTED_EDGE('',*,*,#745,.F.);
#969=ORIENTED_EDGE('',*,*,#746,.F.);
#970=ORIENTED_EDGE('',*,*,#747,.F.);
#971=ORIENTED_EDGE('',*,*,#748,.F.);
#972=ORIENTED_EDGE('',*,*,#749,.F.);
#973=ORIENTED_EDGE('',*,*,#750,.F.);
#974=ORIENTED_EDGE('',*,*,#751,.F.);
#975=ORIENTED_EDGE('',*,*,#752,.F.);
#976=ORIENTED_EDGE('',*,*,#753,.F.);
#977=ORIENTED_EDGE('',*,*,#754,.F.);
#978=ORIENTED_EDGE('',*,*,#755,.F.);
#979=ORIENTED_EDGE('',*,*,#756,.F.);
#980=ORIENTED_EDGE('',*,*,#757,.F.);
#981=ORIENTED_EDGE('',*,*,#758,.F.);
#982=ORIENTED_EDGE('',*,*,#759,.F.);
#983=ORIENTED_EDGE('',*,*,#760,.F.);
#984=ORIENTED_EDGE('',*,*,#761,.F.);
#985=ORIENTED_EDGE('',*,*,#762,.F.);
#986=ORIENTED_EDGE('',*,*,#763,.F.);
#987=ORIENTED_EDGE('',*,*,#764,.F.);
#988=ORIENTED_EDGE('',*,*,#765,.F.);
#989=ORIENTED_EDGE('',*,*,#766,.F.);
#990=ORIENTED_EDGE('',*,*,#767,.F.);
#991=ORIENTED_EDGE('',*,*,#768,.F.);
#992=ORIENTED_EDGE('',*,*,#736,.F.);
#993=ORIENTED_EDGE('',*,*,#769,.F.);
#994=ORIENTED_EDGE('',*,*,#770,.T.);
#995=ORIENTED_EDGE('',*,*,#771,.T.);
#996=ORIENTED_EDGE('',*,*,#738,.F.);
#997=ORIENTED_EDGE('',*,*,#772,.F.);
#998=ORIENTED_EDGE('',*,*,#773,.F.);
#999=ORIENTED_EDGE('',*,*,#774,.T.);
#1000=ORIENTED_EDGE('',*,*,#737,.F.);
#1001=ORIENTED_EDGE('',*,*,#771,.F.);
#1002=ORIENTED_EDGE('',*,*,#775,.F.);
#1003=ORIENTED_EDGE('',*,*,#772,.T.);
#1004=ORIENTED_EDGE('',*,*,#770,.F.);
#1005=ORIENTED_EDGE('',*,*,#776,.F.);
#1006=ORIENTED_EDGE('',*,*,#773,.T.);
#1007=ORIENTED_EDGE('',*,*,#775,.T.);
#1008=ORIENTED_EDGE('',*,*,#729,.F.);
#1009=ORIENTED_EDGE('',*,*,#777,.F.);
#1010=ORIENTED_EDGE('',*,*,#778,.F.);
#1011=ORIENTED_EDGE('',*,*,#779,.T.);
#1012=ORIENTED_EDGE('',*,*,#728,.F.);
#1013=ORIENTED_EDGE('',*,*,#780,.F.);
#1014=ORIENTED_EDGE('',*,*,#781,.T.);
#1015=ORIENTED_EDGE('',*,*,#777,.T.);
#1016=ORIENTED_EDGE('',*,*,#730,.F.);
#1017=ORIENTED_EDGE('',*,*,#779,.F.);
#1018=ORIENTED_EDGE('',*,*,#782,.F.);
#1019=ORIENTED_EDGE('',*,*,#783,.T.);
#1020=ORIENTED_EDGE('',*,*,#781,.F.);
#1021=ORIENTED_EDGE('',*,*,#784,.F.);
#1022=ORIENTED_EDGE('',*,*,#782,.T.);
#1023=ORIENTED_EDGE('',*,*,#778,.T.);
#1024=ORIENTED_EDGE('',*,*,#785,.T.);
#1025=ORIENTED_EDGE('',*,*,#786,.F.);
#1026=ORIENTED_EDGE('',*,*,#787,.F.);
#1027=ORIENTED_EDGE('',*,*,#788,.F.);
#1028=ORIENTED_EDGE('',*,*,#783,.F.);
#1029=ORIENTED_EDGE('',*,*,#784,.T.);
#1030=ORIENTED_EDGE('',*,*,#780,.T.);
#1031=ORIENTED_EDGE('',*,*,#789,.T.);
#1032=ORIENTED_EDGE('',*,*,#733,.F.);
#1033=ORIENTED_EDGE('',*,*,#790,.F.);
#1034=ORIENTED_EDGE('',*,*,#791,.F.);
#1035=ORIENTED_EDGE('',*,*,#792,.T.);
#1036=ORIENTED_EDGE('',*,*,#732,.F.);
#1037=ORIENTED_EDGE('',*,*,#793,.F.);
#1038=ORIENTED_EDGE('',*,*,#794,.T.);
#1039=ORIENTED_EDGE('',*,*,#790,.T.);
#1040=ORIENTED_EDGE('',*,*,#734,.F.);
#1041=ORIENTED_EDGE('',*,*,#792,.F.);
#1042=ORIENTED_EDGE('',*,*,#795,.F.);
#1043=ORIENTED_EDGE('',*,*,#796,.T.);
#1044=ORIENTED_EDGE('',*,*,#794,.F.);
#1045=ORIENTED_EDGE('',*,*,#797,.F.);
#1046=ORIENTED_EDGE('',*,*,#795,.T.);
#1047=ORIENTED_EDGE('',*,*,#791,.T.);
#1048=ORIENTED_EDGE('',*,*,#798,.T.);
#1049=ORIENTED_EDGE('',*,*,#799,.F.);
#1050=ORIENTED_EDGE('',*,*,#800,.F.);
#1051=ORIENTED_EDGE('',*,*,#801,.F.);
#1052=ORIENTED_EDGE('',*,*,#796,.F.);
#1053=ORIENTED_EDGE('',*,*,#797,.T.);
#1054=ORIENTED_EDGE('',*,*,#793,.T.);
#1055=ORIENTED_EDGE('',*,*,#802,.T.);
#1056=ORIENTED_EDGE('',*,*,#803,.T.);
#1057=ORIENTED_EDGE('',*,*,#804,.T.);
#1058=ORIENTED_EDGE('',*,*,#805,.F.);
#1059=ORIENTED_EDGE('',*,*,#806,.T.);
#1060=ORIENTED_EDGE('',*,*,#807,.T.);
#1061=ORIENTED_EDGE('',*,*,#808,.T.);
#1062=ORIENTED_EDGE('',*,*,#809,.T.);
#1063=ORIENTED_EDGE('',*,*,#810,.F.);
#1064=ORIENTED_EDGE('',*,*,#809,.F.);
#1065=ORIENTED_EDGE('',*,*,#811,.T.);
#1066=ORIENTED_EDGE('',*,*,#812,.F.);
#1067=ORIENTED_EDGE('',*,*,#813,.T.);
#1068=ORIENTED_EDGE('',*,*,#814,.T.);
#1069=ORIENTED_EDGE('',*,*,#815,.T.);
#1070=ORIENTED_EDGE('',*,*,#816,.F.);
#1071=ORIENTED_EDGE('',*,*,#817,.F.);
#1072=ORIENTED_EDGE('',*,*,#808,.F.);
#1073=ORIENTED_EDGE('',*,*,#818,.F.);
#1074=ORIENTED_EDGE('',*,*,#819,.F.);
#1075=ORIENTED_EDGE('',*,*,#811,.F.);
#1076=ORIENTED_EDGE('',*,*,#820,.T.);
#1077=ORIENTED_EDGE('',*,*,#821,.T.);
#1078=ORIENTED_EDGE('',*,*,#822,.T.);
#1079=ORIENTED_EDGE('',*,*,#823,.T.);
#1080=ORIENTED_EDGE('',*,*,#824,.T.);
#1081=ORIENTED_EDGE('',*,*,#825,.T.);
#1082=ORIENTED_EDGE('',*,*,#826,.T.);
#1083=ORIENTED_EDGE('',*,*,#827,.T.);
#1084=ORIENTED_EDGE('',*,*,#828,.T.);
#1085=ORIENTED_EDGE('',*,*,#829,.T.);
#1086=ORIENTED_EDGE('',*,*,#830,.T.);
#1087=ORIENTED_EDGE('',*,*,#831,.T.);
#1088=ORIENTED_EDGE('',*,*,#832,.T.);
#1089=ORIENTED_EDGE('',*,*,#833,.T.);
#1090=ORIENTED_EDGE('',*,*,#834,.T.);
#1091=ORIENTED_EDGE('',*,*,#835,.T.);
#1092=ORIENTED_EDGE('',*,*,#836,.T.);
#1093=ORIENTED_EDGE('',*,*,#837,.T.);
#1094=ORIENTED_EDGE('',*,*,#838,.T.);
#1095=ORIENTED_EDGE('',*,*,#839,.T.);
#1096=ORIENTED_EDGE('',*,*,#840,.T.);
#1097=ORIENTED_EDGE('',*,*,#841,.T.);
#1098=ORIENTED_EDGE('',*,*,#842,.T.);
#1099=ORIENTED_EDGE('',*,*,#843,.T.);
#1100=ORIENTED_EDGE('',*,*,#844,.T.);
#1101=ORIENTED_EDGE('',*,*,#845,.T.);
#1102=ORIENTED_EDGE('',*,*,#846,.T.);
#1103=ORIENTED_EDGE('',*,*,#847,.T.);
#1104=ORIENTED_EDGE('',*,*,#848,.T.);
#1105=ORIENTED_EDGE('',*,*,#807,.F.);
#1106=ORIENTED_EDGE('',*,*,#849,.T.);
#1107=ORIENTED_EDGE('',*,*,#850,.T.);
#1108=ORIENTED_EDGE('',*,*,#851,.T.);
#1109=ORIENTED_EDGE('',*,*,#852,.F.);
#1110=ORIENTED_EDGE('',*,*,#853,.T.);
#1111=ORIENTED_EDGE('',*,*,#854,.T.);
#1112=ORIENTED_EDGE('',*,*,#818,.T.);
#1113=ORIENTED_EDGE('',*,*,#854,.F.);
#1114=ORIENTED_EDGE('',*,*,#855,.T.);
#1115=ORIENTED_EDGE('',*,*,#856,.T.);
#1116=ORIENTED_EDGE('',*,*,#857,.T.);
#1117=ORIENTED_EDGE('',*,*,#858,.F.);
#1118=ORIENTED_EDGE('',*,*,#859,.T.);
#1119=ORIENTED_EDGE('',*,*,#812,.T.);
#1120=ORIENTED_EDGE('',*,*,#819,.T.);
#1121=ORIENTED_EDGE('',*,*,#851,.F.);
#1122=ORIENTED_EDGE('',*,*,#860,.F.);
#1123=ORIENTED_EDGE('',*,*,#861,.T.);
#1124=ORIENTED_EDGE('',*,*,#862,.T.);
#1125=ORIENTED_EDGE('',*,*,#861,.F.);
#1126=ORIENTED_EDGE('',*,*,#863,.F.);
#1127=ORIENTED_EDGE('',*,*,#735,.F.);
#1128=ORIENTED_EDGE('',*,*,#801,.T.);
#1129=ORIENTED_EDGE('',*,*,#804,.F.);
#1130=ORIENTED_EDGE('',*,*,#864,.F.);
#1131=ORIENTED_EDGE('',*,*,#865,.T.);
#1132=ORIENTED_EDGE('',*,*,#866,.T.);
#1133=ORIENTED_EDGE('',*,*,#865,.F.);
#1134=ORIENTED_EDGE('',*,*,#867,.F.);
#1135=ORIENTED_EDGE('',*,*,#739,.F.);
#1136=ORIENTED_EDGE('',*,*,#868,.T.);
#1137=ORIENTED_EDGE('',*,*,#857,.F.);
#1138=ORIENTED_EDGE('',*,*,#869,.F.);
#1139=ORIENTED_EDGE('',*,*,#870,.T.);
#1140=ORIENTED_EDGE('',*,*,#871,.T.);
#1141=ORIENTED_EDGE('',*,*,#870,.F.);
#1142=ORIENTED_EDGE('',*,*,#802,.F.);
#1143=ORIENTED_EDGE('',*,*,#731,.F.);
#1144=ORIENTED_EDGE('',*,*,#788,.T.);
#1145=ORIENTED_EDGE('',*,*,#815,.F.);
#1146=ORIENTED_EDGE('',*,*,#872,.F.);
#1147=ORIENTED_EDGE('',*,*,#873,.T.);
#1148=ORIENTED_EDGE('',*,*,#874,.T.);
#1149=ORIENTED_EDGE('',*,*,#873,.F.);
#1150=ORIENTED_EDGE('',*,*,#789,.F.);
#1151=ORIENTED_EDGE('',*,*,#727,.F.);
#1152=ORIENTED_EDGE('',*,*,#875,.T.);
#1153=ORIENTED_EDGE('',*,*,#876,.T.);
#1154=ORIENTED_EDGE('',*,*,#877,.F.);
#1155=ORIENTED_EDGE('',*,*,#785,.F.);
#1156=ORIENTED_EDGE('',*,*,#872,.T.);
#1157=ORIENTED_EDGE('',*,*,#814,.F.);
#1158=ORIENTED_EDGE('',*,*,#787,.T.);
#1159=ORIENTED_EDGE('',*,*,#878,.F.);
#1160=ORIENTED_EDGE('',*,*,#879,.F.);
#1161=ORIENTED_EDGE('',*,*,#858,.T.);
#1162=ORIENTED_EDGE('',*,*,#871,.F.);
#1163=ORIENTED_EDGE('',*,*,#879,.T.);
#1164=ORIENTED_EDGE('',*,*,#880,.F.);
#1165=ORIENTED_EDGE('',*,*,#876,.F.);
#1166=ORIENTED_EDGE('',*,*,#813,.F.);
#1167=ORIENTED_EDGE('',*,*,#859,.F.);
#1168=ORIENTED_EDGE('',*,*,#877,.T.);
#1169=ORIENTED_EDGE('',*,*,#880,.T.);
#1170=ORIENTED_EDGE('',*,*,#878,.T.);
#1171=ORIENTED_EDGE('',*,*,#786,.T.);
#1172=ORIENTED_EDGE('',*,*,#881,.T.);
#1173=ORIENTED_EDGE('',*,*,#882,.F.);
#1174=ORIENTED_EDGE('',*,*,#883,.F.);
#1175=ORIENTED_EDGE('',*,*,#816,.T.);
#1176=ORIENTED_EDGE('',*,*,#874,.F.);
#1177=ORIENTED_EDGE('',*,*,#883,.T.);
#1178=ORIENTED_EDGE('',*,*,#884,.F.);
#1179=ORIENTED_EDGE('',*,*,#885,.F.);
#1180=ORIENTED_EDGE('',*,*,#810,.T.);
#1181=ORIENTED_EDGE('',*,*,#817,.T.);
#1182=ORIENTED_EDGE('',*,*,#885,.T.);
#1183=ORIENTED_EDGE('',*,*,#886,.F.);
#1184=ORIENTED_EDGE('',*,*,#887,.F.);
#1185=ORIENTED_EDGE('',*,*,#864,.T.);
#1186=ORIENTED_EDGE('',*,*,#803,.F.);
#1187=ORIENTED_EDGE('',*,*,#887,.T.);
#1188=ORIENTED_EDGE('',*,*,#888,.F.);
#1189=ORIENTED_EDGE('',*,*,#881,.F.);
#1190=ORIENTED_EDGE('',*,*,#875,.F.);
#1191=ORIENTED_EDGE('',*,*,#719,.F.);
#1192=ORIENTED_EDGE('',*,*,#726,.T.);
#1193=ORIENTED_EDGE('',*,*,#724,.T.);
#1194=ORIENTED_EDGE('',*,*,#867,.T.);
#1195=ORIENTED_EDGE('',*,*,#888,.T.);
#1196=ORIENTED_EDGE('',*,*,#886,.T.);
#1197=ORIENTED_EDGE('',*,*,#884,.T.);
#1198=ORIENTED_EDGE('',*,*,#882,.T.);
#1199=ORIENTED_EDGE('',*,*,#889,.T.);
#1200=ORIENTED_EDGE('',*,*,#890,.F.);
#1201=ORIENTED_EDGE('',*,*,#798,.F.);
#1202=ORIENTED_EDGE('',*,*,#869,.T.);
#1203=ORIENTED_EDGE('',*,*,#856,.F.);
#1204=ORIENTED_EDGE('',*,*,#800,.T.);
#1205=ORIENTED_EDGE('',*,*,#891,.F.);
#1206=ORIENTED_EDGE('',*,*,#892,.F.);
#1207=ORIENTED_EDGE('',*,*,#852,.T.);
#1208=ORIENTED_EDGE('',*,*,#862,.F.);
#1209=ORIENTED_EDGE('',*,*,#892,.T.);
#1210=ORIENTED_EDGE('',*,*,#893,.F.);
#1211=ORIENTED_EDGE('',*,*,#889,.F.);
#1212=ORIENTED_EDGE('',*,*,#855,.F.);
#1213=ORIENTED_EDGE('',*,*,#853,.F.);
#1214=ORIENTED_EDGE('',*,*,#890,.T.);
#1215=ORIENTED_EDGE('',*,*,#893,.T.);
#1216=ORIENTED_EDGE('',*,*,#891,.T.);
#1217=ORIENTED_EDGE('',*,*,#799,.T.);
#1218=ORIENTED_EDGE('',*,*,#894,.T.);
#1219=ORIENTED_EDGE('',*,*,#895,.F.);
#1220=ORIENTED_EDGE('',*,*,#896,.F.);
#1221=ORIENTED_EDGE('',*,*,#860,.T.);
#1222=ORIENTED_EDGE('',*,*,#850,.F.);
#1223=ORIENTED_EDGE('',*,*,#896,.T.);
#1224=ORIENTED_EDGE('',*,*,#897,.F.);
#1225=ORIENTED_EDGE('',*,*,#898,.F.);
#1226=ORIENTED_EDGE('',*,*,#868,.F.);
#1227=ORIENTED_EDGE('',*,*,#774,.F.);
#1228=ORIENTED_EDGE('',*,*,#776,.T.);
#1229=ORIENTED_EDGE('',*,*,#769,.T.);
#1230=ORIENTED_EDGE('',*,*,#863,.T.);
#1231=ORIENTED_EDGE('',*,*,#898,.T.);
#1232=ORIENTED_EDGE('',*,*,#899,.F.);
#1233=ORIENTED_EDGE('',*,*,#900,.F.);
#1234=ORIENTED_EDGE('',*,*,#805,.T.);
#1235=ORIENTED_EDGE('',*,*,#866,.F.);
#1236=ORIENTED_EDGE('',*,*,#900,.T.);
#1237=ORIENTED_EDGE('',*,*,#901,.F.);
#1238=ORIENTED_EDGE('',*,*,#894,.F.);
#1239=ORIENTED_EDGE('',*,*,#849,.F.);
#1240=ORIENTED_EDGE('',*,*,#806,.F.);
#1241=ORIENTED_EDGE('',*,*,#895,.T.);
#1242=ORIENTED_EDGE('',*,*,#901,.T.);
#1243=ORIENTED_EDGE('',*,*,#899,.T.);
#1244=ORIENTED_EDGE('',*,*,#897,.T.);
#1245=ORIENTED_EDGE('',*,*,#762,.T.);
#1246=ORIENTED_EDGE('',*,*,#902,.T.);
#1247=ORIENTED_EDGE('',*,*,#848,.F.);
#1248=ORIENTED_EDGE('',*,*,#903,.F.);
#1249=ORIENTED_EDGE('',*,*,#763,.T.);
#1250=ORIENTED_EDGE('',*,*,#903,.T.);
#1251=ORIENTED_EDGE('',*,*,#847,.F.);
#1252=ORIENTED_EDGE('',*,*,#904,.F.);
#1253=ORIENTED_EDGE('',*,*,#764,.T.);
#1254=ORIENTED_EDGE('',*,*,#904,.T.);
#1255=ORIENTED_EDGE('',*,*,#846,.F.);
#1256=ORIENTED_EDGE('',*,*,#905,.F.);
#1257=ORIENTED_EDGE('',*,*,#765,.T.);
#1258=ORIENTED_EDGE('',*,*,#905,.T.);
#1259=ORIENTED_EDGE('',*,*,#845,.F.);
#1260=ORIENTED_EDGE('',*,*,#906,.F.);
#1261=ORIENTED_EDGE('',*,*,#766,.T.);
#1262=ORIENTED_EDGE('',*,*,#906,.T.);
#1263=ORIENTED_EDGE('',*,*,#844,.F.);
#1264=ORIENTED_EDGE('',*,*,#907,.F.);
#1265=ORIENTED_EDGE('',*,*,#767,.T.);
#1266=ORIENTED_EDGE('',*,*,#907,.T.);
#1267=ORIENTED_EDGE('',*,*,#843,.F.);
#1268=ORIENTED_EDGE('',*,*,#908,.F.);
#1269=ORIENTED_EDGE('',*,*,#768,.T.);
#1270=ORIENTED_EDGE('',*,*,#908,.T.);
#1271=ORIENTED_EDGE('',*,*,#842,.F.);
#1272=ORIENTED_EDGE('',*,*,#909,.F.);
#1273=ORIENTED_EDGE('',*,*,#761,.T.);
#1274=ORIENTED_EDGE('',*,*,#909,.T.);
#1275=ORIENTED_EDGE('',*,*,#841,.F.);
#1276=ORIENTED_EDGE('',*,*,#902,.F.);
#1277=ORIENTED_EDGE('',*,*,#754,.T.);
#1278=ORIENTED_EDGE('',*,*,#910,.T.);
#1279=ORIENTED_EDGE('',*,*,#840,.F.);
#1280=ORIENTED_EDGE('',*,*,#911,.F.);
#1281=ORIENTED_EDGE('',*,*,#755,.T.);
#1282=ORIENTED_EDGE('',*,*,#911,.T.);
#1283=ORIENTED_EDGE('',*,*,#839,.F.);
#1284=ORIENTED_EDGE('',*,*,#912,.F.);
#1285=ORIENTED_EDGE('',*,*,#756,.T.);
#1286=ORIENTED_EDGE('',*,*,#912,.T.);
#1287=ORIENTED_EDGE('',*,*,#838,.F.);
#1288=ORIENTED_EDGE('',*,*,#913,.F.);
#1289=ORIENTED_EDGE('',*,*,#757,.T.);
#1290=ORIENTED_EDGE('',*,*,#913,.T.);
#1291=ORIENTED_EDGE('',*,*,#837,.F.);
#1292=ORIENTED_EDGE('',*,*,#914,.F.);
#1293=ORIENTED_EDGE('',*,*,#758,.T.);
#1294=ORIENTED_EDGE('',*,*,#914,.T.);
#1295=ORIENTED_EDGE('',*,*,#836,.F.);
#1296=ORIENTED_EDGE('',*,*,#915,.F.);
#1297=ORIENTED_EDGE('',*,*,#759,.T.);
#1298=ORIENTED_EDGE('',*,*,#915,.T.);
#1299=ORIENTED_EDGE('',*,*,#835,.F.);
#1300=ORIENTED_EDGE('',*,*,#916,.F.);
#1301=ORIENTED_EDGE('',*,*,#760,.T.);
#1302=ORIENTED_EDGE('',*,*,#916,.T.);
#1303=ORIENTED_EDGE('',*,*,#834,.F.);
#1304=ORIENTED_EDGE('',*,*,#917,.F.);
#1305=ORIENTED_EDGE('',*,*,#753,.T.);
#1306=ORIENTED_EDGE('',*,*,#917,.T.);
#1307=ORIENTED_EDGE('',*,*,#833,.F.);
#1308=ORIENTED_EDGE('',*,*,#910,.F.);
#1309=ORIENTED_EDGE('',*,*,#746,.T.);
#1310=ORIENTED_EDGE('',*,*,#918,.T.);
#1311=ORIENTED_EDGE('',*,*,#832,.F.);
#1312=ORIENTED_EDGE('',*,*,#919,.F.);
#1313=ORIENTED_EDGE('',*,*,#747,.T.);
#1314=ORIENTED_EDGE('',*,*,#919,.T.);
#1315=ORIENTED_EDGE('',*,*,#831,.F.);
#1316=ORIENTED_EDGE('',*,*,#920,.F.);
#1317=ORIENTED_EDGE('',*,*,#748,.T.);
#1318=ORIENTED_EDGE('',*,*,#920,.T.);
#1319=ORIENTED_EDGE('',*,*,#830,.F.);
#1320=ORIENTED_EDGE('',*,*,#921,.F.);
#1321=ORIENTED_EDGE('',*,*,#749,.T.);
#1322=ORIENTED_EDGE('',*,*,#921,.T.);
#1323=ORIENTED_EDGE('',*,*,#829,.F.);
#1324=ORIENTED_EDGE('',*,*,#922,.F.);
#1325=ORIENTED_EDGE('',*,*,#750,.T.);
#1326=ORIENTED_EDGE('',*,*,#922,.T.);
#1327=ORIENTED_EDGE('',*,*,#828,.F.);
#1328=ORIENTED_EDGE('',*,*,#923,.F.);
#1329=ORIENTED_EDGE('',*,*,#751,.T.);
#1330=ORIENTED_EDGE('',*,*,#923,.T.);
#1331=ORIENTED_EDGE('',*,*,#827,.F.);
#1332=ORIENTED_EDGE('',*,*,#924,.F.);
#1333=ORIENTED_EDGE('',*,*,#752,.T.);
#1334=ORIENTED_EDGE('',*,*,#924,.T.);
#1335=ORIENTED_EDGE('',*,*,#826,.F.);
#1336=ORIENTED_EDGE('',*,*,#925,.F.);
#1337=ORIENTED_EDGE('',*,*,#745,.T.);
#1338=ORIENTED_EDGE('',*,*,#925,.T.);
#1339=ORIENTED_EDGE('',*,*,#825,.F.);
#1340=ORIENTED_EDGE('',*,*,#918,.F.);
#1341=ORIENTED_EDGE('',*,*,#742,.T.);
#1342=ORIENTED_EDGE('',*,*,#926,.T.);
#1343=ORIENTED_EDGE('',*,*,#824,.F.);
#1344=ORIENTED_EDGE('',*,*,#927,.F.);
#1345=ORIENTED_EDGE('',*,*,#743,.T.);
#1346=ORIENTED_EDGE('',*,*,#927,.T.);
#1347=ORIENTED_EDGE('',*,*,#823,.F.);
#1348=ORIENTED_EDGE('',*,*,#928,.F.);
#1349=ORIENTED_EDGE('',*,*,#744,.T.);
#1350=ORIENTED_EDGE('',*,*,#928,.T.);
#1351=ORIENTED_EDGE('',*,*,#822,.F.);
#1352=ORIENTED_EDGE('',*,*,#929,.F.);
#1353=ORIENTED_EDGE('',*,*,#741,.T.);
#1354=ORIENTED_EDGE('',*,*,#929,.T.);
#1355=ORIENTED_EDGE('',*,*,#821,.F.);
#1356=ORIENTED_EDGE('',*,*,#926,.F.);
#1357=ORIENTED_EDGE('',*,*,#820,.F.);
#1358=ORIENTED_EDGE('',*,*,#930,.T.);
#1359=ORIENTED_EDGE('',*,*,#740,.T.);
#1360=ORIENTED_EDGE('',*,*,#930,.F.);
#1361=PLANE('',#1504);
#1362=PLANE('',#1508);
#1363=PLANE('',#1509);
#1364=PLANE('',#1511);
#1365=PLANE('',#1528);
#1366=PLANE('',#1529);
#1367=PLANE('',#1532);
#1368=PLANE('',#1536);
#1369=PLANE('',#1537);
#1370=PLANE('',#1538);
#1371=PLANE('',#1544);
#1372=PLANE('',#1545);
#1373=PLANE('',#1546);
#1374=PLANE('',#1550);
#1375=PLANE('',#1564);
#1376=PLANE('',#1565);
#1377=PLANE('',#1566);
#1378=PLANE('',#1567);
#1379=PLANE('',#1568);
#1380=PLANE('',#1569);
#1381=PLANE('',#1570);
#1382=PLANE('',#1571);
#1383=PLANE('',#1572);
#1384=PLANE('',#1573);
#1385=PLANE('',#1576);
#1386=PLANE('',#1577);
#1387=PLANE('',#1580);
#1388=PLANE('',#1583);
#1389=PLANE('',#1584);
#1390=PLANE('',#1585);
#1391=PLANE('',#1588);
#1392=PLANE('',#1589);
#1393=PLANE('',#1592);
#1394=PLANE('',#1595);
#1395=PLANE('',#1596);
#1396=PLANE('',#1598);
#1397=PLANE('',#1600);
#1398=PLANE('',#1602);
#1399=PLANE('',#1604);
#1400=PLANE('',#1606);
#1401=PLANE('',#1608);
#1402=PLANE('',#1610);
#1403=PLANE('',#1612);
#1404=PLANE('',#1614);
#1405=PLANE('',#1616);
#1406=PLANE('',#1618);
#1407=PLANE('',#1620);
#1408=PLANE('',#1621);
#1409=PLANE('',#1622);
#1410=PLANE('',#1623);
#1411=ADVANCED_FACE('',(#128),#1361,.T.);
#1412=ADVANCED_FACE('',(#129),#103,.F.);
#1413=ADVANCED_FACE('',(#130),#1362,.T.);
#1414=ADVANCED_FACE('',(#131),#1363,.F.);
#1415=ADVANCED_FACE('',(#132,#47,#48,#49,#50,#51),#1364,.F.);
#1416=ADVANCED_FACE('',(#133),#1365,.T.);
#1417=ADVANCED_FACE('',(#134),#1366,.T.);
#1418=ADVANCED_FACE('',(#135),#104,.F.);
#1419=ADVANCED_FACE('',(#136),#1367,.F.);
#1420=ADVANCED_FACE('',(#137),#105,.F.);
#1421=ADVANCED_FACE('',(#138),#1368,.T.);
#1422=ADVANCED_FACE('',(#139),#1369,.T.);
#1423=ADVANCED_FACE('',(#140),#1370,.F.);
#1424=ADVANCED_FACE('',(#141),#106,.T.);
#1425=ADVANCED_FACE('',(#142),#107,.F.);
#1426=ADVANCED_FACE('',(#143),#1371,.T.);
#1427=ADVANCED_FACE('',(#144),#1372,.T.);
#1428=ADVANCED_FACE('',(#145),#1373,.F.);
#1429=ADVANCED_FACE('',(#146),#108,.T.);
#1430=ADVANCED_FACE('',(#147),#43,.T.);
#1431=ADVANCED_FACE('',(#148),#44,.T.);
#1432=ADVANCED_FACE('',(#149,#52,#53,#54,#55,#56),#1374,.T.);
#1433=ADVANCED_FACE('',(#150),#45,.T.);
#1434=ADVANCED_FACE('',(#151),#46,.T.);
#1435=ADVANCED_FACE('',(#152),#1375,.T.);
#1436=ADVANCED_FACE('',(#153),#1376,.T.);
#1437=ADVANCED_FACE('',(#154),#1377,.T.);
#1438=ADVANCED_FACE('',(#155),#1378,.T.);
#1439=ADVANCED_FACE('',(#156),#1379,.T.);
#1440=ADVANCED_FACE('',(#157),#1380,.T.);
#1441=ADVANCED_FACE('',(#158),#1381,.T.);
#1442=ADVANCED_FACE('',(#159),#1382,.T.);
#1443=ADVANCED_FACE('',(#160),#1383,.T.);
#1444=ADVANCED_FACE('',(#161),#1384,.T.);
#1445=ADVANCED_FACE('',(#162),#109,.F.);
#1446=ADVANCED_FACE('',(#163),#1385,.T.);
#1447=ADVANCED_FACE('',(#164),#1386,.T.);
#1448=ADVANCED_FACE('',(#165),#110,.F.);
#1449=ADVANCED_FACE('',(#166),#1387,.T.);
#1450=ADVANCED_FACE('',(#167),#111,.T.);
#1451=ADVANCED_FACE('',(#168),#1388,.T.);
#1452=ADVANCED_FACE('',(#169),#1389,.T.);
#1453=ADVANCED_FACE('',(#170),#1390,.T.);
#1454=ADVANCED_FACE('',(#171),#112,.F.);
#1455=ADVANCED_FACE('',(#172),#1391,.T.);
#1456=ADVANCED_FACE('',(#173),#1392,.T.);
#1457=ADVANCED_FACE('',(#174),#113,.T.);
#1458=ADVANCED_FACE('',(#175),#1393,.T.);
#1459=ADVANCED_FACE('',(#176),#114,.F.);
#1460=ADVANCED_FACE('',(#177),#1394,.T.);
#1461=ADVANCED_FACE('',(#178),#1395,.T.);
#1462=ADVANCED_FACE('',(#179),#115,.F.);
#1463=ADVANCED_FACE('',(#180),#1396,.T.);
#1464=ADVANCED_FACE('',(#181),#116,.F.);
#1465=ADVANCED_FACE('',(#182),#1397,.T.);
#1466=ADVANCED_FACE('',(#183),#117,.F.);
#1467=ADVANCED_FACE('',(#184),#1398,.T.);
#1468=ADVANCED_FACE('',(#185),#118,.F.);
#1469=ADVANCED_FACE('',(#186),#1399,.T.);
#1470=ADVANCED_FACE('',(#187),#119,.F.);
#1471=ADVANCED_FACE('',(#188),#1400,.T.);
#1472=ADVANCED_FACE('',(#189),#120,.F.);
#1473=ADVANCED_FACE('',(#190),#1401,.T.);
#1474=ADVANCED_FACE('',(#191),#121,.F.);
#1475=ADVANCED_FACE('',(#192),#1402,.T.);
#1476=ADVANCED_FACE('',(#193),#122,.F.);
#1477=ADVANCED_FACE('',(#194),#1403,.T.);
#1478=ADVANCED_FACE('',(#195),#123,.F.);
#1479=ADVANCED_FACE('',(#196),#1404,.T.);
#1480=ADVANCED_FACE('',(#197),#124,.F.);
#1481=ADVANCED_FACE('',(#198),#1405,.T.);
#1482=ADVANCED_FACE('',(#199),#125,.F.);
#1483=ADVANCED_FACE('',(#200),#1406,.T.);
#1484=ADVANCED_FACE('',(#201),#126,.F.);
#1485=ADVANCED_FACE('',(#202),#1407,.T.);
#1486=ADVANCED_FACE('',(#203),#1408,.T.);
#1487=ADVANCED_FACE('',(#204),#1409,.T.);
#1488=ADVANCED_FACE('',(#205),#1410,.T.);
#1489=ADVANCED_FACE('',(#206),#127,.F.);
#1490=CLOSED_SHELL('',(#1411,#1412,#1413,#1414,#1415,#1416,#1417,#1418,
#1419,#1420,#1421,#1422,#1423,#1424,#1425,#1426,#1427,#1428,#1429,#1430,
#1431,#1432,#1433,#1434,#1435,#1436,#1437,#1438,#1439,#1440,#1441,#1442,
#1443,#1444,#1445,#1446,#1447,#1448,#1449,#1450,#1451,#1452,#1453,#1454,
#1455,#1456,#1457,#1458,#1459,#1460,#1461,#1462,#1463,#1464,#1465,#1466,
#1467,#1468,#1469,#1470,#1471,#1472,#1473,#1474,#1475,#1476,#1477,#1478,
#1479,#1480,#1481,#1482,#1483,#1484,#1485,#1486,#1487,#1488,#1489));
#1491=DERIVED_UNIT_ELEMENT(#1493,1.);
#1492=DERIVED_UNIT_ELEMENT(#2808,-3.);
#1493=(
MASS_UNIT()
NAMED_UNIT(*)
SI_UNIT(.KILO.,.GRAM.)
);
#1494=DERIVED_UNIT((#1491,#1492));
#1495=MEASURE_REPRESENTATION_ITEM('density measure',
POSITIVE_RATIO_MEASURE(7850.),#1494);
#1496=PROPERTY_DEFINITION_REPRESENTATION(#1501,#1498);
#1497=PROPERTY_DEFINITION_REPRESENTATION(#1502,#1499);
#1498=REPRESENTATION('material name',(#1500),#2805);
#1499=REPRESENTATION('density',(#1495),#2805);
#1500=DESCRIPTIVE_REPRESENTATION_ITEM('Steel','Steel');
#1501=PROPERTY_DEFINITION('material property','material name',#2815);
#1502=PROPERTY_DEFINITION('material property','density of part',#2815);
#1503=AXIS2_PLACEMENT_3D('',#2010,#1625,#1626);
#1504=AXIS2_PLACEMENT_3D('',#2011,#1627,#1628);
#1505=AXIS2_PLACEMENT_3D('',#2020,#1633,#1634);
#1506=AXIS2_PLACEMENT_3D('',#2022,#1635,#1636);
#1507=AXIS2_PLACEMENT_3D('',#2025,#1638,#1639);
#1508=AXIS2_PLACEMENT_3D('',#2026,#1640,#1641);
#1509=AXIS2_PLACEMENT_3D('',#2032,#1645,#1646);
#1510=AXIS2_PLACEMENT_3D('',#2033,#1647,#1648);
#1511=AXIS2_PLACEMENT_3D('',#2034,#1649,#1650);
#1512=AXIS2_PLACEMENT_3D('',#2040,#1653,#1654);
#1513=AXIS2_PLACEMENT_3D('',#2048,#1658,#1659);
#1514=AXIS2_PLACEMENT_3D('',#2056,#1663,#1664);
#1515=AXIS2_PLACEMENT_3D('',#2061,#1667,#1668);
#1516=AXIS2_PLACEMENT_3D('',#2072,#1673,#1674);
#1517=AXIS2_PLACEMENT_3D('',#2076,#1676,#1677);
#1518=AXIS2_PLACEMENT_3D('',#2080,#1679,#1680);
#1519=AXIS2_PLACEMENT_3D('',#2084,#1682,#1683);
#1520=AXIS2_PLACEMENT_3D('',#2088,#1685,#1686);
#1521=AXIS2_PLACEMENT_3D('',#2092,#1688,#1689);
#1522=AXIS2_PLACEMENT_3D('',#2096,#1691,#1692);
#1523=AXIS2_PLACEMENT_3D('',#2100,#1694,#1695);
#1524=AXIS2_PLACEMENT_3D('',#2104,#1697,#1698);
#1525=AXIS2_PLACEMENT_3D('',#2108,#1700,#1701);
#1526=AXIS2_PLACEMENT_3D('',#2112,#1703,#1704);
#1527=AXIS2_PLACEMENT_3D('',#2116,#1706,#1707);
#1528=AXIS2_PLACEMENT_3D('',#2118,#1709,#1710);
#1529=AXIS2_PLACEMENT_3D('',#2124,#1714,#1715);
#1530=AXIS2_PLACEMENT_3D('',#2130,#1719,#1720);
#1531=AXIS2_PLACEMENT_3D('',#2131,#1721,#1722);
#1532=AXIS2_PLACEMENT_3D('',#2132,#1723,#1724);
#1533=AXIS2_PLACEMENT_3D('',#2133,#1725,#1726);
#1534=AXIS2_PLACEMENT_3D('',#2134,#1727,#1728);
#1535=AXIS2_PLACEMENT_3D('',#2138,#1730,#1731);
#1536=AXIS2_PLACEMENT_3D('',#2140,#1733,#1734);
#1537=AXIS2_PLACEMENT_3D('',#2144,#1737,#1738);
#1538=AXIS2_PLACEMENT_3D('',#2148,#1741,#1742);
#1539=AXIS2_PLACEMENT_3D('',#2149,#1743,#1744);
#1540=AXIS2_PLACEMENT_3D('',#2150,#1745,#1746);
#1541=AXIS2_PLACEMENT_3D('',#2155,#1748,#1749);
#1542=AXIS2_PLACEMENT_3D('',#2160,#1753,#1754);
#1543=AXIS2_PLACEMENT_3D('',#2164,#1756,#1757);
#1544=AXIS2_PLACEMENT_3D('',#2166,#1759,#1760);
#1545=AXIS2_PLACEMENT_3D('',#2170,#1763,#1764);
#1546=AXIS2_PLACEMENT_3D('',#2174,#1767,#1768);
#1547=AXIS2_PLACEMENT_3D('',#2175,#1769,#1770);
#1548=AXIS2_PLACEMENT_3D('',#2176,#1771,#1772);
#1549=AXIS2_PLACEMENT_3D('',#2181,#1774,#1775);
#1550=AXIS2_PLACEMENT_3D('',#2402,#1779,#1780);
#1551=AXIS2_PLACEMENT_3D('',#2413,#1781,#1782);
#1552=AXIS2_PLACEMENT_3D('',#2424,#1787,#1788);
#1553=AXIS2_PLACEMENT_3D('',#2428,#1790,#1791);
#1554=AXIS2_PLACEMENT_3D('',#2432,#1793,#1794);
#1555=AXIS2_PLACEMENT_3D('',#2436,#1796,#1797);
#1556=AXIS2_PLACEMENT_3D('',#2440,#1799,#1800);
#1557=AXIS2_PLACEMENT_3D('',#2444,#1802,#1803);
#1558=AXIS2_PLACEMENT_3D('',#2448,#1805,#1806);
#1559=AXIS2_PLACEMENT_3D('',#2452,#1808,#1809);
#1560=AXIS2_PLACEMENT_3D('',#2456,#1811,#1812);
#1561=AXIS2_PLACEMENT_3D('',#2460,#1814,#1815);
#1562=AXIS2_PLACEMENT_3D('',#2464,#1817,#1818);
#1563=AXIS2_PLACEMENT_3D('',#2468,#1820,#1821);
#1564=AXIS2_PLACEMENT_3D('',#2661,#1823,#1824);
#1565=AXIS2_PLACEMENT_3D('',#2666,#1828,#1829);
#1566=AXIS2_PLACEMENT_3D('',#2668,#1831,#1832);
#1567=AXIS2_PLACEMENT_3D('',#2674,#1836,#1837);
#1568=AXIS2_PLACEMENT_3D('',#2677,#1840,#1841);
#1569=AXIS2_PLACEMENT_3D('',#2681,#1845,#1846);
#1570=AXIS2_PLACEMENT_3D('',#2682,#1847,#1848);
#1571=AXIS2_PLACEMENT_3D('',#2687,#1852,#1853);
#1572=AXIS2_PLACEMENT_3D('',#2689,#1855,#1856);
#1573=AXIS2_PLACEMENT_3D('',#2693,#1859,#1860);
#1574=AXIS2_PLACEMENT_3D('',#2697,#1863,#1864);
#1575=AXIS2_PLACEMENT_3D('',#2698,#1865,#1866);
#1576=AXIS2_PLACEMENT_3D('',#2699,#1867,#1868);
#1577=AXIS2_PLACEMENT_3D('',#2700,#1869,#1870);
#1578=AXIS2_PLACEMENT_3D('',#2706,#1874,#1875);
#1579=AXIS2_PLACEMENT_3D('',#2708,#1876,#1877);
#1580=AXIS2_PLACEMENT_3D('',#2710,#1879,#1880);
#1581=AXIS2_PLACEMENT_3D('',#2714,#1883,#1884);
#1582=AXIS2_PLACEMENT_3D('',#2715,#1885,#1886);
#1583=AXIS2_PLACEMENT_3D('',#2716,#1887,#1888);
#1584=AXIS2_PLACEMENT_3D('',#2717,#1889,#1890);
#1585=AXIS2_PLACEMENT_3D('',#2721,#1893,#1894);
#1586=AXIS2_PLACEMENT_3D('',#2725,#1897,#1898);
#1587=AXIS2_PLACEMENT_3D('',#2726,#1899,#1900);
#1588=AXIS2_PLACEMENT_3D('',#2727,#1901,#1902);
#1589=AXIS2_PLACEMENT_3D('',#2728,#1903,#1904);
#1590=AXIS2_PLACEMENT_3D('',#2734,#1908,#1909);
#1591=AXIS2_PLACEMENT_3D('',#2736,#1910,#1911);
#1592=AXIS2_PLACEMENT_3D('',#2738,#1913,#1914);
#1593=AXIS2_PLACEMENT_3D('',#2742,#1917,#1918);
#1594=AXIS2_PLACEMENT_3D('',#2743,#1919,#1920);
#1595=AXIS2_PLACEMENT_3D('',#2744,#1921,#1922);
#1596=AXIS2_PLACEMENT_3D('',#2745,#1923,#1924);
#1597=AXIS2_PLACEMENT_3D('',#2748,#1927,#1928);
#1598=AXIS2_PLACEMENT_3D('',#2750,#1930,#1931);
#1599=AXIS2_PLACEMENT_3D('',#2752,#1933,#1934);
#1600=AXIS2_PLACEMENT_3D('',#2754,#1936,#1937);
#1601=AXIS2_PLACEMENT_3D('',#2756,#1939,#1940);
#1602=AXIS2_PLACEMENT_3D('',#2758,#1942,#1943);
#1603=AXIS2_PLACEMENT_3D('',#2760,#1945,#1946);
#1604=AXIS2_PLACEMENT_3D('',#2761,#1947,#1948);
#1605=AXIS2_PLACEMENT_3D('',#2764,#1951,#1952);
#1606=AXIS2_PLACEMENT_3D('',#2766,#1954,#1955);
#1607=AXIS2_PLACEMENT_3D('',#2768,#1957,#1958);
#1608=AXIS2_PLACEMENT_3D('',#2770,#1960,#1961);
#1609=AXIS2_PLACEMENT_3D('',#2772,#1963,#1964);
#1610=AXIS2_PLACEMENT_3D('',#2774,#1966,#1967);
#1611=AXIS2_PLACEMENT_3D('',#2776,#1969,#1970);
#1612=AXIS2_PLACEMENT_3D('',#2777,#1971,#1972);
#1613=AXIS2_PLACEMENT_3D('',#2780,#1975,#1976);
#1614=AXIS2_PLACEMENT_3D('',#2782,#1978,#1979);
#1615=AXIS2_PLACEMENT_3D('',#2784,#1981,#1982);
#1616=AXIS2_PLACEMENT_3D('',#2786,#1984,#1985);
#1617=AXIS2_PLACEMENT_3D('',#2788,#1987,#1988);
#1618=AXIS2_PLACEMENT_3D('',#2790,#1990,#1991);
#1619=AXIS2_PLACEMENT_3D('',#2792,#1993,#1994);
#1620=AXIS2_PLACEMENT_3D('',#2793,#1995,#1996);
#1621=AXIS2_PLACEMENT_3D('',#2796,#1999,#2000);
#1622=AXIS2_PLACEMENT_3D('',#2798,#2002,#2003);
#1623=AXIS2_PLACEMENT_3D('',#2800,#2005,#2006);
#1624=AXIS2_PLACEMENT_3D('',#2801,#2007,#2008);
#1625=DIRECTION('axis',(0.,0.,1.));
#1626=DIRECTION('refdir',(1.,0.,0.));
#1627=DIRECTION('center_axis',(1.,0.,0.));
#1628=DIRECTION('ref_axis',(0.,0.,-1.));
#1629=DIRECTION('',(0.,0.,-1.));
#1630=DIRECTION('',(0.,1.,0.));
#1631=DIRECTION('',(0.,0.,1.));
#1632=DIRECTION('',(0.,1.,0.));
#1633=DIRECTION('center_axis',(0.,1.,0.));
#1634=DIRECTION('ref_axis',(-2.66453525910034E-14,0.,-1.));
#1635=DIRECTION('center_axis',(0.,-1.,0.));
#1636=DIRECTION('ref_axis',(-2.66453525910034E-14,0.,-1.));
#1637=DIRECTION('',(0.,1.,0.));
#1638=DIRECTION('center_axis',(0.,1.,0.));
#1639=DIRECTION('ref_axis',(-2.66453525910034E-14,0.,-1.));
#1640=DIRECTION('center_axis',(-2.77555756156289E-16,0.,1.));
#1641=DIRECTION('ref_axis',(1.,0.,2.77555756156289E-16));
#1642=DIRECTION('',(1.,0.,2.77555756156289E-16));
#1643=DIRECTION('',(0.,1.,0.));
#1644=DIRECTION('',(1.,0.,2.77555756156289E-16));
#1645=DIRECTION('center_axis',(0.,1.,0.));
#1646=DIRECTION('ref_axis',(-1.,0.,0.));
#1647=DIRECTION('center_axis',(0.,1.,0.));
#1648=DIRECTION('ref_axis',(0.,0.,-1.));
#1649=DIRECTION('center_axis',(0.,1.,0.));
#1650=DIRECTION('ref_axis',(-1.,0.,0.));
#1651=DIRECTION('',(1.,0.,-4.9629174941853E-16));
#1652=DIRECTION('',(0.,0.,1.));
#1653=DIRECTION('center_axis',(0.,-1.,0.));
#1654=DIRECTION('ref_axis',(1.,0.,-2.66453525910034E-14));
#1655=DIRECTION('',(1.,0.,0.));
#1656=DIRECTION('',(1.1686558153949E-15,0.,1.));
#1657=DIRECTION('',(-1.,0.,0.));
#1658=DIRECTION('center_axis',(0.,-1.,0.));
#1659=DIRECTION('ref_axis',(2.66453525910034E-14,0.,1.));
#1660=DIRECTION('',(0.,0.,1.));
#1661=DIRECTION('',(-1.,0.,7.352470361756E-16));
#1662=DIRECTION('',(0.,0.,-1.));
#1663=DIRECTION('center_axis',(0.,-1.,0.));
#1664=DIRECTION('ref_axis',(-1.,0.,2.66453525910034E-14));
#1665=DIRECTION('',(-1.,0.,0.));
#1666=DIRECTION('',(-2.3373116307898E-16,0.,-1.));
#1667=DIRECTION('center_axis',(0.,-1.,0.));
#1668=DIRECTION('ref_axis',(-1.,0.,0.));
#1669=DIRECTION('',(-1.,0.,0.));
#1670=DIRECTION('',(0.,0.,1.));
#1671=DIRECTION('',(1.,0.,0.));
#1672=DIRECTION('',(0.,0.,-1.));
#1673=DIRECTION('center_axis',(0.,-1.,0.));
#1674=DIRECTION('ref_axis',(0.,0.,1.));
#1675=DIRECTION('',(0.,0.,1.));
#1676=DIRECTION('center_axis',(0.,-1.,0.));
#1677=DIRECTION('ref_axis',(1.,0.,0.));
#1678=DIRECTION('',(1.,0.,0.));
#1679=DIRECTION('center_axis',(0.,-1.,0.));
#1680=DIRECTION('ref_axis',(0.,0.,-1.));
#1681=DIRECTION('',(0.,0.,-1.));
#1682=DIRECTION('center_axis',(0.,-1.,0.));
#1683=DIRECTION('ref_axis',(-1.,0.,0.));
#1684=DIRECTION('',(-1.,0.,0.));
#1685=DIRECTION('center_axis',(0.,-1.,0.));
#1686=DIRECTION('ref_axis',(0.,0.,1.));
#1687=DIRECTION('',(0.,0.,1.));
#1688=DIRECTION('center_axis',(0.,-1.,0.));
#1689=DIRECTION('ref_axis',(1.,0.,0.));
#1690=DIRECTION('',(1.,0.,0.));
#1691=DIRECTION('center_axis',(0.,-1.,0.));
#1692=DIRECTION('ref_axis',(0.,0.,-1.));
#1693=DIRECTION('',(0.,0.,-1.));
#1694=DIRECTION('center_axis',(0.,-1.,0.));
#1695=DIRECTION('ref_axis',(-1.,0.,0.));
#1696=DIRECTION('',(-1.,0.,0.));
#1697=DIRECTION('center_axis',(0.,-1.,0.));
#1698=DIRECTION('ref_axis',(0.,0.,1.));
#1699=DIRECTION('',(0.,0.,1.));
#1700=DIRECTION('center_axis',(0.,-1.,0.));
#1701=DIRECTION('ref_axis',(1.,0.,0.));
#1702=DIRECTION('',(1.,0.,0.));
#1703=DIRECTION('center_axis',(0.,-1.,0.));
#1704=DIRECTION('ref_axis',(0.,0.,-1.));
#1705=DIRECTION('',(0.,0.,-1.));
#1706=DIRECTION('center_axis',(0.,-1.,0.));
#1707=DIRECTION('ref_axis',(-1.,0.,0.));
#1708=DIRECTION('',(-1.,0.,0.));
#1709=DIRECTION('center_axis',(1.,0.,0.));
#1710=DIRECTION('ref_axis',(0.,0.,-1.));
#1711=DIRECTION('',(0.,1.,0.));
#1712=DIRECTION('',(0.,0.,-1.));
#1713=DIRECTION('',(0.,1.,0.));
#1714=DIRECTION('center_axis',(0.,0.,-1.));
#1715=DIRECTION('ref_axis',(-1.,0.,0.));
#1716=DIRECTION('',(0.,1.,0.));
#1717=DIRECTION('',(1.,0.,0.));
#1718=DIRECTION('',(0.,1.,0.));
#1719=DIRECTION('center_axis',(0.,1.,0.));
#1720=DIRECTION('ref_axis',(-1.,0.,2.66453525910034E-14));
#1721=DIRECTION('center_axis',(0.,1.,0.));
#1722=DIRECTION('ref_axis',(-1.,0.,2.66453525910034E-14));
#1723=DIRECTION('center_axis',(0.,1.,0.));
#1724=DIRECTION('ref_axis',(-1.,0.,0.));
#1725=DIRECTION('center_axis',(0.,1.,0.));
#1726=DIRECTION('ref_axis',(-1.,0.,0.));
#1727=DIRECTION('center_axis',(0.,1.,0.));
#1728=DIRECTION('ref_axis',(1.,0.,-2.66453525910034E-14));
#1729=DIRECTION('',(0.,1.,0.));
#1730=DIRECTION('center_axis',(0.,1.,0.));
#1731=DIRECTION('ref_axis',(1.,0.,-2.66453525910034E-14));
#1732=DIRECTION('',(0.,1.,0.));
#1733=DIRECTION('center_axis',(-1.,0.,0.));
#1734=DIRECTION('ref_axis',(0.,0.,1.));
#1735=DIRECTION('',(0.,1.,0.));
#1736=DIRECTION('',(0.,0.,1.));
#1737=DIRECTION('center_axis',(0.,0.,1.));
#1738=DIRECTION('ref_axis',(1.,0.,0.));
#1739=DIRECTION('',(-1.,0.,0.));
#1740=DIRECTION('',(0.,1.,0.));
#1741=DIRECTION('center_axis',(0.,1.,0.));
#1742=DIRECTION('ref_axis',(-1.,0.,0.));
#1743=DIRECTION('center_axis',(0.,1.,0.));
#1744=DIRECTION('ref_axis',(1.,0.,1.85037170770859E-16));
#1745=DIRECTION('center_axis',(0.,1.,0.));
#1746=DIRECTION('ref_axis',(1.,0.,1.85037170770859E-16));
#1747=DIRECTION('',(0.,1.,0.));
#1748=DIRECTION('center_axis',(0.,1.,0.));
#1749=DIRECTION('ref_axis',(1.,0.,1.85037170770859E-16));
#1750=DIRECTION('',(0.,1.,0.));
#1751=DIRECTION('',(0.,1.,0.));
#1752=DIRECTION('',(0.,1.,0.));
#1753=DIRECTION('center_axis',(0.,1.,0.));
#1754=DIRECTION('ref_axis',(2.66453525910034E-14,0.,1.));
#1755=DIRECTION('',(0.,1.,0.));
#1756=DIRECTION('center_axis',(0.,1.,0.));
#1757=DIRECTION('ref_axis',(2.66453525910034E-14,0.,1.));
#1758=DIRECTION('',(0.,1.,0.));
#1759=DIRECTION('center_axis',(0.,0.,-1.));
#1760=DIRECTION('ref_axis',(-1.,0.,0.));
#1761=DIRECTION('',(0.,1.,0.));
#1762=DIRECTION('',(-1.,0.,0.));
#1763=DIRECTION('center_axis',(-1.,0.,0.));
#1764=DIRECTION('ref_axis',(0.,0.,1.));
#1765=DIRECTION('',(0.,0.,-1.));
#1766=DIRECTION('',(0.,1.,0.));
#1767=DIRECTION('center_axis',(0.,1.,0.));
#1768=DIRECTION('ref_axis',(-1.,0.,0.));
#1769=DIRECTION('center_axis',(0.,1.,0.));
#1770=DIRECTION('ref_axis',(0.,0.,1.));
#1771=DIRECTION('center_axis',(0.,1.,0.));
#1772=DIRECTION('ref_axis',(0.,0.,1.));
#1773=DIRECTION('',(0.,1.,0.));
#1774=DIRECTION('center_axis',(0.,1.,0.));
#1775=DIRECTION('ref_axis',(0.,0.,1.));
#1776=DIRECTION('',(0.,1.,0.));
#1777=DIRECTION('',(0.,1.,0.));
#1778=DIRECTION('',(0.,1.,0.));
#1779=DIRECTION('center_axis',(0.,1.,0.));
#1780=DIRECTION('ref_axis',(-1.,0.,0.));
#1781=DIRECTION('center_axis',(0.,-1.,0.));
#1782=DIRECTION('ref_axis',(-1.,0.,0.));
#1783=DIRECTION('',(-1.,0.,0.));
#1784=DIRECTION('',(0.,0.,-1.));
#1785=DIRECTION('',(1.,0.,0.));
#1786=DIRECTION('',(0.,0.,1.));
#1787=DIRECTION('center_axis',(0.,-1.,0.));
#1788=DIRECTION('ref_axis',(0.,0.,1.));
#1789=DIRECTION('',(-1.,0.,0.));
#1790=DIRECTION('center_axis',(0.,-1.,0.));
#1791=DIRECTION('ref_axis',(-1.,0.,0.));
#1792=DIRECTION('',(0.,0.,-1.));
#1793=DIRECTION('center_axis',(0.,-1.,0.));
#1794=DIRECTION('ref_axis',(0.,0.,-1.));
#1795=DIRECTION('',(1.,0.,0.));
#1796=DIRECTION('center_axis',(0.,-1.,0.));
#1797=DIRECTION('ref_axis',(1.,0.,0.));
#1798=DIRECTION('',(0.,0.,1.));
#1799=DIRECTION('center_axis',(0.,-1.,0.));
#1800=DIRECTION('ref_axis',(0.,0.,1.));
#1801=DIRECTION('',(-1.,0.,0.));
#1802=DIRECTION('center_axis',(0.,-1.,0.));
#1803=DIRECTION('ref_axis',(-1.,0.,0.));
#1804=DIRECTION('',(0.,0.,-1.));
#1805=DIRECTION('center_axis',(0.,-1.,0.));
#1806=DIRECTION('ref_axis',(0.,0.,-1.));
#1807=DIRECTION('',(1.,0.,0.));
#1808=DIRECTION('center_axis',(0.,-1.,0.));
#1809=DIRECTION('ref_axis',(1.,0.,0.));
#1810=DIRECTION('',(0.,0.,1.));
#1811=DIRECTION('center_axis',(0.,-1.,0.));
#1812=DIRECTION('ref_axis',(0.,0.,1.));
#1813=DIRECTION('',(-1.,0.,0.));
#1814=DIRECTION('center_axis',(0.,-1.,0.));
#1815=DIRECTION('ref_axis',(-1.,0.,0.));
#1816=DIRECTION('',(0.,0.,-1.));
#1817=DIRECTION('center_axis',(0.,-1.,0.));
#1818=DIRECTION('ref_axis',(0.,0.,-1.));
#1819=DIRECTION('',(1.,0.,0.));
#1820=DIRECTION('center_axis',(0.,-1.,0.));
#1821=DIRECTION('ref_axis',(1.,0.,0.));
#1822=DIRECTION('',(0.,0.,1.));
#1823=DIRECTION('center_axis',(5.19898165127077E-16,0.707106781186549,0.707106781186547));
#1824=DIRECTION('ref_axis',(1.,0.,-7.352470361756E-16));
#1825=DIRECTION('',(0.,0.707106781186546,-0.707106781186549));
#1826=DIRECTION('',(1.,0.,-7.352470361756E-16));
#1827=DIRECTION('',(0.,-0.707106781186546,0.707106781186549));
#1828=DIRECTION('center_axis',(7.352470361756E-16,0.,1.));
#1829=DIRECTION('ref_axis',(1.,0.,-7.352470361756E-16));
#1830=DIRECTION('',(0.,1.,0.));
#1831=DIRECTION('center_axis',(-0.707106781186544,0.707106781186551,1.65272890387765E-16));
#1832=DIRECTION('ref_axis',(2.3373116307898E-16,0.,1.));
#1833=DIRECTION('',(0.707106781186551,0.707106781186544,1.96261557335473E-16));
#1834=DIRECTION('',(2.3373116307898E-16,0.,1.));
#1835=DIRECTION('',(-0.707106781186551,-0.707106781186544,0.));
#1836=DIRECTION('center_axis',(-1.,0.,2.3373116307898E-16));
#1837=DIRECTION('ref_axis',(2.3373116307898E-16,0.,1.));
#1838=DIRECTION('',(0.,1.,0.));
#1839=DIRECTION('',(0.,1.,0.));
#1840=DIRECTION('center_axis',(0.707106781186548,0.707106781186548,-8.26364451938828E-16));
#1841=DIRECTION('ref_axis',(-1.1686558153949E-15,0.,-1.));
#1842=DIRECTION('',(-0.707106781186548,0.707106781186548,0.));
#1843=DIRECTION('',(-1.1686558153949E-15,0.,-1.));
#1844=DIRECTION('',(0.707106781186548,-0.707106781186548,0.));
#1845=DIRECTION('center_axis',(1.,0.,-1.1686558153949E-15));
#1846=DIRECTION('ref_axis',(-1.1686558153949E-15,0.,-1.));
#1847=DIRECTION('center_axis',(-3.50931261460778E-16,0.707106781186548,
-0.707106781186547));
#1848=DIRECTION('ref_axis',(-1.,0.,4.9629174941853E-16));
#1849=DIRECTION('',(0.,0.707106781186547,0.707106781186548));
#1850=DIRECTION('',(-1.,0.,4.9629174941853E-16));
#1851=DIRECTION('',(0.,-0.707106781186547,-0.707106781186548));
#1852=DIRECTION('center_axis',(-4.9629174941853E-16,0.,-1.));
#1853=DIRECTION('ref_axis',(-1.,0.,4.9629174941853E-16));
#1854=DIRECTION('',(0.,1.,0.));
#1855=DIRECTION('center_axis',(-1.,0.,0.));
#1856=DIRECTION('ref_axis',(0.,0.,1.));
#1857=DIRECTION('',(0.,1.,0.));
#1858=DIRECTION('',(0.,0.,1.));
#1859=DIRECTION('center_axis',(0.,0.,1.));
#1860=DIRECTION('ref_axis',(1.,0.,0.));
#1861=DIRECTION('',(1.,0.,0.));
#1862=DIRECTION('',(0.,1.,0.));
#1863=DIRECTION('center_axis',(0.,1.,0.));
#1864=DIRECTION('ref_axis',(1.,0.,-2.66453525910034E-14));
#1865=DIRECTION('center_axis',(0.,-1.,0.));
#1866=DIRECTION('ref_axis',(1.,0.,-2.66453525910034E-14));
#1867=DIRECTION('center_axis',(0.,1.,0.));
#1868=DIRECTION('ref_axis',(-1.,0.,0.));
#1869=DIRECTION('center_axis',(1.,0.,0.));
#1870=DIRECTION('ref_axis',(0.,0.,-1.));
#1871=DIRECTION('',(0.,1.,0.));
#1872=DIRECTION('',(0.,0.,-1.));
#1873=DIRECTION('',(0.,1.,0.));
#1874=DIRECTION('center_axis',(0.,1.,0.));
#1875=DIRECTION('ref_axis',(-2.66453525910034E-14,0.,-1.));
#1876=DIRECTION('center_axis',(0.,-1.,0.));
#1877=DIRECTION('ref_axis',(-2.66453525910034E-14,0.,-1.));
#1878=DIRECTION('',(0.,1.,0.));
#1879=DIRECTION('center_axis',(-2.77555756156289E-16,0.,1.));
#1880=DIRECTION('ref_axis',(1.,0.,2.77555756156289E-16));
#1881=DIRECTION('',(1.,0.,2.77555756156289E-16));
#1882=DIRECTION('',(0.,1.,0.));
#1883=DIRECTION('center_axis',(0.,1.,0.));
#1884=DIRECTION('ref_axis',(0.,0.,-1.));
#1885=DIRECTION('center_axis',(0.,1.,0.));
#1886=DIRECTION('ref_axis',(0.,0.,-1.));
#1887=DIRECTION('center_axis',(0.,1.,0.));
#1888=DIRECTION('ref_axis',(-1.,0.,0.));
#1889=DIRECTION('center_axis',(0.,0.,-1.));
#1890=DIRECTION('ref_axis',(-1.,0.,0.));
#1891=DIRECTION('',(0.,1.,0.));
#1892=DIRECTION('',(-1.,0.,0.));
#1893=DIRECTION('center_axis',(-1.,0.,0.));
#1894=DIRECTION('ref_axis',(0.,0.,1.));
#1895=DIRECTION('',(0.,0.,1.));
#1896=DIRECTION('',(0.,1.,0.));
#1897=DIRECTION('center_axis',(0.,1.,0.));
#1898=DIRECTION('ref_axis',(2.66453525910034E-14,0.,1.));
#1899=DIRECTION('center_axis',(0.,-1.,0.));
#1900=DIRECTION('ref_axis',(2.66453525910034E-14,0.,1.));
#1901=DIRECTION('center_axis',(0.,1.,0.));
#1902=DIRECTION('ref_axis',(-1.,0.,0.));
#1903=DIRECTION('center_axis',(1.,0.,0.));
#1904=DIRECTION('ref_axis',(0.,0.,-1.));
#1905=DIRECTION('',(0.,1.,0.));
#1906=DIRECTION('',(0.,0.,-1.));
#1907=DIRECTION('',(0.,1.,0.));
#1908=DIRECTION('center_axis',(0.,1.,0.));
#1909=DIRECTION('ref_axis',(-1.,0.,0.));
#1910=DIRECTION('center_axis',(0.,1.,0.));
#1911=DIRECTION('ref_axis',(-1.,0.,0.));
#1912=DIRECTION('',(0.,1.,0.));
#1913=DIRECTION('center_axis',(0.,0.,-1.));
#1914=DIRECTION('ref_axis',(-1.,0.,0.));
#1915=DIRECTION('',(-1.,0.,0.));
#1916=DIRECTION('',(0.,1.,0.));
#1917=DIRECTION('center_axis',(0.,1.,0.));
#1918=DIRECTION('ref_axis',(-1.,0.,2.66453525910034E-14));
#1919=DIRECTION('center_axis',(0.,-1.,0.));
#1920=DIRECTION('ref_axis',(-1.,0.,2.66453525910034E-14));
#1921=DIRECTION('center_axis',(0.,1.,0.));
#1922=DIRECTION('ref_axis',(-1.,0.,0.));
#1923=DIRECTION('center_axis',(-1.,0.,0.));
#1924=DIRECTION('ref_axis',(0.,0.,1.));
#1925=DIRECTION('',(0.,1.,0.));
#1926=DIRECTION('',(0.,1.,0.));
#1927=DIRECTION('center_axis',(0.,1.,0.));
#1928=DIRECTION('ref_axis',(1.,0.,0.));
#1929=DIRECTION('',(0.,1.,0.));
#1930=DIRECTION('center_axis',(0.,0.,1.));
#1931=DIRECTION('ref_axis',(1.,0.,0.));
#1932=DIRECTION('',(0.,1.,0.));
#1933=DIRECTION('center_axis',(0.,1.,0.));
#1934=DIRECTION('ref_axis',(0.,0.,-1.));
#1935=DIRECTION('',(0.,1.,0.));
#1936=DIRECTION('center_axis',(1.,0.,0.));
#1937=DIRECTION('ref_axis',(0.,0.,-1.));
#1938=DIRECTION('',(0.,1.,0.));
#1939=DIRECTION('center_axis',(0.,1.,0.));
#1940=DIRECTION('ref_axis',(-1.,0.,0.));
#1941=DIRECTION('',(0.,1.,0.));
#1942=DIRECTION('center_axis',(0.,0.,-1.));
#1943=DIRECTION('ref_axis',(-1.,0.,0.));
#1944=DIRECTION('',(0.,1.,0.));
#1945=DIRECTION('center_axis',(0.,1.,0.));
#1946=DIRECTION('ref_axis',(0.,0.,1.));
#1947=DIRECTION('center_axis',(-1.,0.,0.));
#1948=DIRECTION('ref_axis',(0.,0.,1.));
#1949=DIRECTION('',(0.,1.,0.));
#1950=DIRECTION('',(0.,1.,0.));
#1951=DIRECTION('center_axis',(0.,1.,0.));
#1952=DIRECTION('ref_axis',(1.,0.,0.));
#1953=DIRECTION('',(0.,1.,0.));
#1954=DIRECTION('center_axis',(0.,0.,1.));
#1955=DIRECTION('ref_axis',(1.,0.,0.));
#1956=DIRECTION('',(0.,1.,0.));
#1957=DIRECTION('center_axis',(0.,1.,0.));
#1958=DIRECTION('ref_axis',(0.,0.,-1.));
#1959=DIRECTION('',(0.,1.,0.));
#1960=DIRECTION('center_axis',(1.,0.,0.));
#1961=DIRECTION('ref_axis',(0.,0.,-1.));
#1962=DIRECTION('',(0.,1.,0.));
#1963=DIRECTION('center_axis',(0.,1.,0.));
#1964=DIRECTION('ref_axis',(-1.,0.,0.));
#1965=DIRECTION('',(0.,1.,0.));
#1966=DIRECTION('center_axis',(0.,0.,-1.));
#1967=DIRECTION('ref_axis',(-1.,0.,0.));
#1968=DIRECTION('',(0.,1.,0.));
#1969=DIRECTION('center_axis',(0.,1.,0.));
#1970=DIRECTION('ref_axis',(0.,0.,1.));
#1971=DIRECTION('center_axis',(-1.,0.,0.));
#1972=DIRECTION('ref_axis',(0.,0.,1.));
#1973=DIRECTION('',(0.,1.,0.));
#1974=DIRECTION('',(0.,1.,0.));
#1975=DIRECTION('center_axis',(0.,1.,0.));
#1976=DIRECTION('ref_axis',(1.,0.,0.));
#1977=DIRECTION('',(0.,1.,0.));
#1978=DIRECTION('center_axis',(0.,0.,1.));
#1979=DIRECTION('ref_axis',(1.,0.,0.));
#1980=DIRECTION('',(0.,1.,0.));
#1981=DIRECTION('center_axis',(0.,1.,0.));
#1982=DIRECTION('ref_axis',(0.,0.,-1.));
#1983=DIRECTION('',(0.,1.,0.));
#1984=DIRECTION('center_axis',(1.,0.,0.));
#1985=DIRECTION('ref_axis',(0.,0.,-1.));
#1986=DIRECTION('',(0.,1.,0.));
#1987=DIRECTION('center_axis',(0.,1.,0.));
#1988=DIRECTION('ref_axis',(-1.,0.,0.));
#1989=DIRECTION('',(0.,1.,0.));
#1990=DIRECTION('center_axis',(0.,0.,-1.));
#1991=DIRECTION('ref_axis',(-1.,0.,0.));
#1992=DIRECTION('',(0.,1.,0.));
#1993=DIRECTION('center_axis',(0.,1.,0.));
#1994=DIRECTION('ref_axis',(0.,0.,1.));
#1995=DIRECTION('center_axis',(-1.,0.,0.));
#1996=DIRECTION('ref_axis',(0.,0.,1.));
#1997=DIRECTION('',(0.,1.,0.));
#1998=DIRECTION('',(0.,1.,0.));
#1999=DIRECTION('center_axis',(0.,0.,1.));
#2000=DIRECTION('ref_axis',(1.,0.,0.));
#2001=DIRECTION('',(0.,1.,0.));
#2002=DIRECTION('center_axis',(1.,0.,0.));
#2003=DIRECTION('ref_axis',(0.,0.,-1.));
#2004=DIRECTION('',(0.,1.,0.));
#2005=DIRECTION('center_axis',(0.,0.,-1.));
#2006=DIRECTION('ref_axis',(-1.,0.,0.));
#2007=DIRECTION('center_axis',(0.,1.,0.));
#2008=DIRECTION('ref_axis',(-1.,0.,0.));
#2009=DIRECTION('',(0.,-1.,0.));
#2010=CARTESIAN_POINT('',(0.,0.,0.));
#2011=CARTESIAN_POINT('Origin',(-64.4,12.5,2.24264068711931));
#2012=CARTESIAN_POINT('',(-64.4,14.,2.24264068711931));
#2013=CARTESIAN_POINT('',(-64.4,14.,0.242640687119309));
#2014=CARTESIAN_POINT('',(-64.4,14.,12.2426406871193));
#2015=CARTESIAN_POINT('',(-64.4,12.5,2.24264068711931));
#2016=CARTESIAN_POINT('',(-64.4,12.5,2.24264068711931));
#2017=CARTESIAN_POINT('',(-64.4,12.5,0.242640687119309));
#2018=CARTESIAN_POINT('',(-64.4,12.5,0.242640687119309));
#2019=CARTESIAN_POINT('',(-64.4,12.5,0.242640687119309));
#2020=CARTESIAN_POINT('Origin',(-64.3999999999999,12.5,3.24264068711932));
#2021=CARTESIAN_POINT('',(-65.4,14.,3.24264068711932));
#2022=CARTESIAN_POINT('Origin',(-64.3999999999999,14.,3.24264068711932));
#2023=CARTESIAN_POINT('',(-65.4,12.5,3.24264068711932));
#2024=CARTESIAN_POINT('',(-65.4,12.5,3.24264068711932));
#2025=CARTESIAN_POINT('Origin',(-64.3999999999999,12.5,3.24264068711932));
#2026=CARTESIAN_POINT('Origin',(-67.4,12.5,3.24264068711932));
#2027=CARTESIAN_POINT('',(-67.4,14.,3.24264068711932));
#2028=CARTESIAN_POINT('',(-50.8,14.,3.24264068711932));
#2029=CARTESIAN_POINT('',(-67.4,12.5,3.24264068711932));
#2030=CARTESIAN_POINT('',(-67.4,12.5,3.24264068711932));
#2031=CARTESIAN_POINT('',(-67.4,12.5,3.24264068711932));
#2032=CARTESIAN_POINT('Origin',(-65.8999999999999,12.5,1.74264068711931));
#2033=CARTESIAN_POINT('Origin',(-64.3999999999999,12.5,3.24264068711932));
#2034=CARTESIAN_POINT('Origin',(-34.2,14.,22.2426406871193));
#2035=CARTESIAN_POINT('',(-3.99999999999996,14.,0.242640687119322));
#2036=CARTESIAN_POINT('',(-64.4,14.,0.242640687119309));
#2037=CARTESIAN_POINT('',(-3.99999999999996,14.,2.24264068711931));
#2038=CARTESIAN_POINT('',(-3.99999999999996,14.,11.2426406871193));
#2039=CARTESIAN_POINT('',(-2.99999999999995,14.,3.2426406871193));
#2040=CARTESIAN_POINT('Origin',(-3.99999999999996,14.,3.24264068711933));
#2041=CARTESIAN_POINT('',(-0.999999999999945,14.,3.2426406871193));
#2042=CARTESIAN_POINT('',(-18.6,14.,3.2426406871193));
#2043=CARTESIAN_POINT('',(-0.999999999999981,14.,41.2426406871193));
#2044=CARTESIAN_POINT('',(-0.999999999999979,14.,3.24264068711928));
#2045=CARTESIAN_POINT('',(-2.99999999999997,14.,41.2426406871193));
#2046=CARTESIAN_POINT('',(-17.6,14.,41.2426406871193));
#2047=CARTESIAN_POINT('',(-3.99999999999996,14.,42.2426406871193));
#2048=CARTESIAN_POINT('Origin',(-3.99999999999999,14.,41.2426406871193));
#2049=CARTESIAN_POINT('',(-3.99999999999996,14.,44.2426406871193));
#2050=CARTESIAN_POINT('',(-3.99999999999996,14.,32.2426406871193));
#2051=CARTESIAN_POINT('',(-64.4,14.,44.2426406871193));
#2052=CARTESIAN_POINT('',(-3.99999999999996,14.,44.2426406871193));
#2053=CARTESIAN_POINT('',(-64.4,14.,42.2426406871193));
#2054=CARTESIAN_POINT('',(-64.4,14.,33.2426406871193));
#2055=CARTESIAN_POINT('',(-65.4,14.,41.2426406871193));
#2056=CARTESIAN_POINT('Origin',(-64.4,14.,41.2426406871193));
#2057=CARTESIAN_POINT('',(-67.4,14.,41.2426406871193));
#2058=CARTESIAN_POINT('',(-49.8,14.,41.2426406871193));
#2059=CARTESIAN_POINT('',(-67.4,14.,41.2426406871193));
#2060=CARTESIAN_POINT('',(-50.0000007450581,14.,14.0000002086163));
#2061=CARTESIAN_POINT('Origin',(-54.0000008046627,14.,14.0000002086163));
#2062=CARTESIAN_POINT('',(-12.5,14.,19.7426406871193));
#2063=CARTESIAN_POINT('',(-38.9060651586246,14.,19.7426406871193));
#2064=CARTESIAN_POINT('',(-12.5,14.,19.7426406871193));
#2065=CARTESIAN_POINT('',(-12.5,14.,7.74264068711929));
#2066=CARTESIAN_POINT('',(-12.5,14.,7.74264068711929));
#2067=CARTESIAN_POINT('',(-38.9060651586246,14.,7.74264068711929));
#2068=CARTESIAN_POINT('',(-38.9060651586246,14.,7.74264068711929));
#2069=CARTESIAN_POINT('',(-38.9060651586246,14.,19.7426406871193));
#2070=CARTESIAN_POINT('',(-27.575,14.,36.975));
#2071=CARTESIAN_POINT('',(-28.075,14.,37.475));
#2072=CARTESIAN_POINT('Origin',(-28.075,14.,36.975));
#2073=CARTESIAN_POINT('',(-27.575,14.,23.975));
#2074=CARTESIAN_POINT('',(-27.575,14.,36.975));
#2075=CARTESIAN_POINT('',(-28.075,14.,23.475));
#2076=CARTESIAN_POINT('Origin',(-28.075,14.,23.975));
#2077=CARTESIAN_POINT('',(-41.075,14.,23.475));
#2078=CARTESIAN_POINT('',(-28.075,14.,23.475));
#2079=CARTESIAN_POINT('',(-41.575,14.,23.975));
#2080=CARTESIAN_POINT('Origin',(-41.075,14.,23.975));
#2081=CARTESIAN_POINT('',(-41.575,14.,36.975));
#2082=CARTESIAN_POINT('',(-41.575,14.,36.975));
#2083=CARTESIAN_POINT('',(-41.075,14.,37.475));
#2084=CARTESIAN_POINT('Origin',(-41.075,14.,36.975));
#2085=CARTESIAN_POINT('',(-28.075,14.,37.475));
#2086=CARTESIAN_POINT('',(-46.625,14.,36.975));
#2087=CARTESIAN_POINT('',(-47.125,14.,37.475));
#2088=CARTESIAN_POINT('Origin',(-47.125,14.,36.975));
#2089=CARTESIAN_POINT('',(-46.625,14.,23.975));
#2090=CARTESIAN_POINT('',(-46.625,14.,36.975));
#2091=CARTESIAN_POINT('',(-47.125,14.,23.475));
#2092=CARTESIAN_POINT('Origin',(-47.125,14.,23.975));
#2093=CARTESIAN_POINT('',(-60.125,14.,23.475));
#2094=CARTESIAN_POINT('',(-47.125,14.,23.475));
#2095=CARTESIAN_POINT('',(-60.625,14.,23.975));
#2096=CARTESIAN_POINT('Origin',(-60.125,14.,23.975));
#2097=CARTESIAN_POINT('',(-60.625,14.,36.975));
#2098=CARTESIAN_POINT('',(-60.625,14.,36.975));
#2099=CARTESIAN_POINT('',(-60.125,14.,37.475));
#2100=CARTESIAN_POINT('Origin',(-60.125,14.,36.975));
#2101=CARTESIAN_POINT('',(-47.125,14.,37.475));
#2102=CARTESIAN_POINT('',(-8.525,14.,36.975));
#2103=CARTESIAN_POINT('',(-9.025,14.,37.475));
#2104=CARTESIAN_POINT('Origin',(-9.025,14.,36.975));
#2105=CARTESIAN_POINT('',(-8.525,14.,23.975));
#2106=CARTESIAN_POINT('',(-8.525,14.,36.975));
#2107=CARTESIAN_POINT('',(-9.025,14.,23.475));
#2108=CARTESIAN_POINT('Origin',(-9.025,14.,23.975));
#2109=CARTESIAN_POINT('',(-22.025,14.,23.475));
#2110=CARTESIAN_POINT('',(-9.025,14.,23.475));
#2111=CARTESIAN_POINT('',(-22.525,14.,23.975));
#2112=CARTESIAN_POINT('Origin',(-22.025,14.,23.975));
#2113=CARTESIAN_POINT('',(-22.525,14.,36.975));
#2114=CARTESIAN_POINT('',(-22.525,14.,36.975));
#2115=CARTESIAN_POINT('',(-22.025,14.,37.475));
#2116=CARTESIAN_POINT('Origin',(-22.025,14.,36.975));
#2117=CARTESIAN_POINT('',(-9.025,14.,37.475));
#2118=CARTESIAN_POINT('Origin',(-64.4,12.5,44.2426406871193));
#2119=CARTESIAN_POINT('',(-64.4,12.5,44.2426406871193));
#2120=CARTESIAN_POINT('',(-64.4,12.5,44.2426406871193));
#2121=CARTESIAN_POINT('',(-64.4,12.5,42.2426406871193));
#2122=CARTESIAN_POINT('',(-64.4,12.5,44.2426406871193));
#2123=CARTESIAN_POINT('',(-64.4,12.5,42.2426406871193));
#2124=CARTESIAN_POINT('Origin',(-65.4,12.5,41.2426406871193));
#2125=CARTESIAN_POINT('',(-65.4,12.5,41.2426406871193));
#2126=CARTESIAN_POINT('',(-65.4,12.5,41.2426406871193));
#2127=CARTESIAN_POINT('',(-67.4,12.5,41.2426406871193));
#2128=CARTESIAN_POINT('',(-67.4,12.5,41.2426406871193));
#2129=CARTESIAN_POINT('',(-67.4,12.5,41.2426406871193));
#2130=CARTESIAN_POINT('Origin',(-64.4,12.5,41.2426406871193));
#2131=CARTESIAN_POINT('Origin',(-64.4,12.5,41.2426406871193));
#2132=CARTESIAN_POINT('Origin',(-65.9,12.5,42.7426406871193));
#2133=CARTESIAN_POINT('Origin',(-64.4,12.5,41.2426406871193));
#2134=CARTESIAN_POINT('Origin',(-3.99999999999996,12.5,3.24264068711933));
#2135=CARTESIAN_POINT('',(-3.99999999999996,12.5,2.24264068711931));
#2136=CARTESIAN_POINT('',(-3.99999999999996,12.5,2.24264068711931));
#2137=CARTESIAN_POINT('',(-2.99999999999995,12.5,3.2426406871193));
#2138=CARTESIAN_POINT('Origin',(-3.99999999999996,12.5,3.24264068711933));
#2139=CARTESIAN_POINT('',(-2.99999999999995,12.5,3.2426406871193));
#2140=CARTESIAN_POINT('Origin',(-3.99999999999996,12.5,0.242640687119322));
#2141=CARTESIAN_POINT('',(-3.99999999999996,12.5,0.242640687119322));
#2142=CARTESIAN_POINT('',(-3.99999999999996,12.5,0.242640687119322));
#2143=CARTESIAN_POINT('',(-3.99999999999996,12.5,0.242640687119322));
#2144=CARTESIAN_POINT('Origin',(-2.99999999999995,12.5,3.2426406871193));
#2145=CARTESIAN_POINT('',(-0.999999999999945,12.5,3.2426406871193));
#2146=CARTESIAN_POINT('',(-0.999999999999945,12.5,3.2426406871193));
#2147=CARTESIAN_POINT('',(-0.999999999999945,12.5,3.2426406871193));
#2148=CARTESIAN_POINT('Origin',(-2.49999999999994,12.5,1.74264068711933));
#2149=CARTESIAN_POINT('Origin',(-3.99999999999993,12.5,3.24264068711935));
#2150=CARTESIAN_POINT('Origin',(-3.99999999999993,14.,3.24264068711935));
#2151=CARTESIAN_POINT('',(-3.99999999999996,14.5,0.242640687119322));
#2152=CARTESIAN_POINT('',(-3.99999999999996,17.,0.242640687119322));
#2153=CARTESIAN_POINT('',(-3.99999999999996,14.,0.242640687119322));
#2154=CARTESIAN_POINT('',(-0.999999999999945,17.,3.2426406871193));
#2155=CARTESIAN_POINT('Origin',(-3.99999999999993,17.,3.24264068711935));
#2156=CARTESIAN_POINT('',(-0.999999999999945,14.5,3.2426406871193));
#2157=CARTESIAN_POINT('',(-0.999999999999945,14.,3.2426406871193));
#2158=CARTESIAN_POINT('',(-0.999999999999945,14.,3.2426406871193));
#2159=CARTESIAN_POINT('',(-3.99999999999996,14.,0.242640687119322));
#2160=CARTESIAN_POINT('Origin',(-3.99999999999999,12.5,41.2426406871193));
#2161=CARTESIAN_POINT('',(-2.99999999999997,12.5,41.2426406871193));
#2162=CARTESIAN_POINT('',(-2.99999999999997,12.5,41.2426406871193));
#2163=CARTESIAN_POINT('',(-3.99999999999996,12.5,42.2426406871193));
#2164=CARTESIAN_POINT('Origin',(-3.99999999999999,12.5,41.2426406871193));
#2165=CARTESIAN_POINT('',(-3.99999999999996,12.5,42.2426406871193));
#2166=CARTESIAN_POINT('Origin',(-0.999999999999981,12.5,41.2426406871193));
#2167=CARTESIAN_POINT('',(-0.999999999999981,12.5,41.2426406871193));
#2168=CARTESIAN_POINT('',(-0.999999999999981,12.5,41.2426406871193));
#2169=CARTESIAN_POINT('',(-0.999999999999981,12.5,41.2426406871193));
#2170=CARTESIAN_POINT('Origin',(-3.99999999999996,12.5,42.2426406871193));
#2171=CARTESIAN_POINT('',(-3.99999999999996,12.5,44.2426406871193));
#2172=CARTESIAN_POINT('',(-3.99999999999996,12.5,44.2426406871193));
#2173=CARTESIAN_POINT('',(-3.99999999999996,12.5,44.2426406871193));
#2174=CARTESIAN_POINT('Origin',(-2.49999999999995,12.5,42.7426406871193));
#2175=CARTESIAN_POINT('Origin',(-3.99999999999994,12.5,41.2426406871193));
#2176=CARTESIAN_POINT('Origin',(-3.99999999999994,14.,41.2426406871193));
#2177=CARTESIAN_POINT('',(-0.999999999999981,14.5,41.2426406871193));
#2178=CARTESIAN_POINT('',(-0.999999999999981,17.,41.2426406871193));
#2179=CARTESIAN_POINT('',(-0.999999999999981,14.,41.2426406871193));
#2180=CARTESIAN_POINT('',(-3.99999999999996,17.,44.2426406871193));
#2181=CARTESIAN_POINT('Origin',(-3.99999999999994,17.,41.2426406871193));
#2182=CARTESIAN_POINT('',(-3.99999999999996,14.5,44.2426406871193));
#2183=CARTESIAN_POINT('',(-3.99999999999996,14.,44.2426406871193));
#2184=CARTESIAN_POINT('',(-3.99999999999996,14.,44.2426406871193));
#2185=CARTESIAN_POINT('',(-0.999999999999981,14.,41.2426406871193));
#2186=CARTESIAN_POINT('Ctrl Pts',(-66.4857864376269,15.4142135623731,41.9497474683055));
#2187=CARTESIAN_POINT('Ctrl Pts',(-66.4857864376269,15.4142135623731,28.8116762808479));
#2188=CARTESIAN_POINT('Ctrl Pts',(-66.4857864376269,15.4142135623731,15.6736050933903));
#2189=CARTESIAN_POINT('Ctrl Pts',(-66.4857864376269,15.4142135623731,2.53553390593267));
#2190=CARTESIAN_POINT('Ctrl Pts',(-66.279616494714,15.6203835052859,41.9497474683055));
#2191=CARTESIAN_POINT('Ctrl Pts',(-66.279616494714,15.6203835052859,28.8116762808479));
#2192=CARTESIAN_POINT('Ctrl Pts',(-66.279616494714,15.6203835052859,15.6736050933903));
#2193=CARTESIAN_POINT('Ctrl Pts',(-66.279616494714,15.6203835052859,2.53553390593267));
#2194=CARTESIAN_POINT('Ctrl Pts',(-66.0589799897995,15.8041650728485,41.9497474683055));
#2195=CARTESIAN_POINT('Ctrl Pts',(-66.0589799897995,15.8041650728485,28.8116762808479));
#2196=CARTESIAN_POINT('Ctrl Pts',(-66.0589799897996,15.8041650728485,15.6736050933903));
#2197=CARTESIAN_POINT('Ctrl Pts',(-66.0589799897996,15.8041650728485,2.53553390593267));
#2198=CARTESIAN_POINT('Ctrl Pts',(-65.7923310567795,15.9390106750401,41.9497474683055));
#2199=CARTESIAN_POINT('Ctrl Pts',(-65.7923310567795,15.9390106750401,28.8116762808479));
#2200=CARTESIAN_POINT('Ctrl Pts',(-65.7923310567795,15.9390106750401,15.6736050933903));
#2201=CARTESIAN_POINT('Ctrl Pts',(-65.7923310567795,15.9390106750401,2.53553390593267));
#2202=CARTESIAN_POINT('Ctrl Pts',(-65.5220618478336,15.9886135832039,41.9497474683055));
#2203=CARTESIAN_POINT('Ctrl Pts',(-65.5220618478336,15.9886135832039,28.8116762808479));
#2204=CARTESIAN_POINT('Ctrl Pts',(-65.5220618478336,15.9886135832039,15.6736050933903));
#2205=CARTESIAN_POINT('Ctrl Pts',(-65.5220618478336,15.9886135832039,2.53553390593267));
#2206=CARTESIAN_POINT('Ctrl Pts',(-65.2173570399643,16.,41.9497474683055));
#2207=CARTESIAN_POINT('Ctrl Pts',(-65.2173570399643,16.,28.8116762808479));
#2208=CARTESIAN_POINT('Ctrl Pts',(-65.2173570399643,16.,15.6736050933903));
#2209=CARTESIAN_POINT('Ctrl Pts',(-65.2173570399643,16.,2.53553390593267));
#2210=CARTESIAN_POINT('Ctrl Pts',(-65.0715728752538,16.,41.9497474683055));
#2211=CARTESIAN_POINT('Ctrl Pts',(-65.0715728752538,16.,28.8116762808479));
#2212=CARTESIAN_POINT('Ctrl Pts',(-65.0715728752538,16.,15.6736050933903));
#2213=CARTESIAN_POINT('Ctrl Pts',(-65.0715728752538,16.,2.53553390593267));
#2214=CARTESIAN_POINT('',(-65.3999999999976,15.9905137195714,3.24264068711932));
#2215=CARTESIAN_POINT('',(-66.4857864376269,15.4142135623731,3.24264068711932));
#2216=CARTESIAN_POINT('Ctrl Pts',(-66.4857864376269,15.4142135623731,3.24264068711933));
#2217=CARTESIAN_POINT('Ctrl Pts',(-66.279616494714,15.6203835052859,3.24264068711933));
#2218=CARTESIAN_POINT('Ctrl Pts',(-66.1692982422568,15.7122742890672,3.24264068711933));
#2219=CARTESIAN_POINT('Ctrl Pts',(-66.0696976271915,15.7806939479898,3.24264068711933));
#2220=CARTESIAN_POINT('Ctrl Pts',(-65.9700970121262,15.8491136069124,3.24264068711933));
#2221=CARTESIAN_POINT('Ctrl Pts',(-65.8812140344529,15.8940621409762,3.24264068711933));
#2222=CARTESIAN_POINT('Ctrl Pts',(-65.782718703827,15.9264569896409,3.24264068711933));
#2223=CARTESIAN_POINT('Ctrl Pts',(-65.6842233732012,15.9588518383056,3.24264068711933));
#2224=CARTESIAN_POINT('Ctrl Pts',(-65.5761156896228,15.9786930015712,3.24264068711933));
#2225=CARTESIAN_POINT('Ctrl Pts',(-65.4046554360437,15.9903673523468,3.24264068711933));
#2226=CARTESIAN_POINT('Ctrl Pts',(-65.4027097876664,15.9904998272567,3.24264068711933));
#2227=CARTESIAN_POINT('Ctrl Pts',(-65.4007559816211,15.9906312505574,3.24264068711933));
#2228=CARTESIAN_POINT('Ctrl Pts',(-65.3987936861885,15.9907616017484,3.24264068711933));
#2229=CARTESIAN_POINT('',(-66.4857864376269,15.4142135623731,41.2426406871193));
#2230=CARTESIAN_POINT('Ctrl Pts',(-66.4857864376269,15.4142135623731,3.24264068711933));
#2231=CARTESIAN_POINT('Ctrl Pts',(-66.4857864376269,15.4142135623731,15.909307353786));
#2232=CARTESIAN_POINT('Ctrl Pts',(-66.4857864376269,15.4142135623731,28.5759740204527));
#2233=CARTESIAN_POINT('Ctrl Pts',(-66.4857864376269,15.4142135623731,41.2426406871193));
#2234=CARTESIAN_POINT('',(-65.3999999999976,15.9905137195714,41.2426406871193));
#2235=CARTESIAN_POINT('Ctrl Pts',(-65.3987936861906,15.9907616017482,41.2426406871193));
#2236=CARTESIAN_POINT('Ctrl Pts',(-65.4007559816224,15.9906312505573,41.2426406871193));
#2237=CARTESIAN_POINT('Ctrl Pts',(-65.402709787667,15.9904998272567,41.2426406871193));
#2238=CARTESIAN_POINT('Ctrl Pts',(-65.4046554360437,15.9903673523468,41.2426406871193));
#2239=CARTESIAN_POINT('Ctrl Pts',(-65.5761156896228,15.9786930015712,41.2426406871193));
#2240=CARTESIAN_POINT('Ctrl Pts',(-65.6842233732012,15.9588518383056,41.2426406871193));
#2241=CARTESIAN_POINT('Ctrl Pts',(-65.782718703827,15.9264569896409,41.2426406871193));
#2242=CARTESIAN_POINT('Ctrl Pts',(-65.8812140344529,15.8940621409762,41.2426406871193));
#2243=CARTESIAN_POINT('Ctrl Pts',(-65.9700970121262,15.8491136069124,41.2426406871193));
#2244=CARTESIAN_POINT('Ctrl Pts',(-66.0696976271915,15.7806939479898,41.2426406871193));
#2245=CARTESIAN_POINT('Ctrl Pts',(-66.1692982422568,15.7122742890672,41.2426406871193));
#2246=CARTESIAN_POINT('Ctrl Pts',(-66.279616494714,15.6203835052859,41.2426406871193));
#2247=CARTESIAN_POINT('Ctrl Pts',(-66.4857864376269,15.4142135623731,41.2426406871193));
#2248=CARTESIAN_POINT('',(-65.1071067811869,15.9999184665235,41.9497474683055));
#2249=CARTESIAN_POINT('Ctrl Pts',(-65.1071067811869,15.9999184665235,41.9497474683055));
#2250=CARTESIAN_POINT('Ctrl Pts',(-65.125922679964,15.9998306906579,41.9309315695283));
#2251=CARTESIAN_POINT('Ctrl Pts',(-65.1439843735406,15.9996729563377,41.9113678422907));
#2252=CARTESIAN_POINT('Ctrl Pts',(-65.2408883378515,15.9984397766942,41.7976093176484));
#2253=CARTESIAN_POINT('Ctrl Pts',(-65.302616047012,15.9960226665219,41.6902534138992));
#2254=CARTESIAN_POINT('Ctrl Pts',(-65.3727555993962,15.9923993016448,41.4908349655593));
#2255=CARTESIAN_POINT('Ctrl Pts',(-65.3909202155429,15.9911340380062,41.4036857770217));
#2256=CARTESIAN_POINT('Ctrl Pts',(-65.398359974094,15.9906267208137,41.3015249381103));
#2257=CARTESIAN_POINT('Ctrl Pts',(-65.3990767705897,15.9905773802153,41.2877583471192));
#2258=CARTESIAN_POINT('Ctrl Pts',(-65.3997197668598,15.990533071123,41.2672519601127));
#2259=CARTESIAN_POINT('Ctrl Pts',(-65.399862805337,15.9905231941602,41.260520779348));
#2260=CARTESIAN_POINT('Ctrl Pts',(-65.3999792863349,15.9905151505975,41.2500727936724));
#2261=CARTESIAN_POINT('Ctrl Pts',(-65.4,15.990513719571,41.2463567495461));
#2262=CARTESIAN_POINT('Ctrl Pts',(-65.4,15.990513719571,41.2426406871193));
#2263=CARTESIAN_POINT('',(-65.0715728752538,16.,41.9142135623731));
#2264=CARTESIAN_POINT('Ctrl Pts',(-65.1071067811864,15.9999184665235,41.949747468306));
#2265=CARTESIAN_POINT('Ctrl Pts',(-65.0994996296087,15.9999539537635,41.9421403167283));
#2266=CARTESIAN_POINT('Ctrl Pts',(-65.0918246868552,15.9999777939328,41.9344653739534));
#2267=CARTESIAN_POINT('Ctrl Pts',(-65.0799116565285,15.9999967408303,41.9225523435715));
#2268=CARTESIAN_POINT('Ctrl Pts',(-65.0757420782174,16.,41.9183827653368));
#2269=CARTESIAN_POINT('Ctrl Pts',(-65.0715728752537,16.,41.9142135623731));
#2270=CARTESIAN_POINT('',(-65.0715728752538,16.,2.5710678118655));
#2271=CARTESIAN_POINT('Ctrl Pts',(-65.0715728752538,16.,41.9142135623731));
#2272=CARTESIAN_POINT('Ctrl Pts',(-65.0715728752538,16.,28.7998316455373));
#2273=CARTESIAN_POINT('Ctrl Pts',(-65.0715728752538,16.,15.6854497287014));
#2274=CARTESIAN_POINT('Ctrl Pts',(-65.0715728752538,16.,2.5710678118655));
#2275=CARTESIAN_POINT('',(-65.1071067811867,15.9999184665235,2.53553390593293));
#2276=CARTESIAN_POINT('Ctrl Pts',(-65.0715728752539,16.,2.5710678118655));
#2277=CARTESIAN_POINT('Ctrl Pts',(-65.075742078218,16.,2.56689860890143));
#2278=CARTESIAN_POINT('Ctrl Pts',(-65.0799116565293,15.9999967408303,2.56272903066443));
#2279=CARTESIAN_POINT('Ctrl Pts',(-65.0918246868564,15.9999777939328,2.55081600028359));
#2280=CARTESIAN_POINT('Ctrl Pts',(-65.0994996296094,15.9999539537635,2.54314105750969));
#2281=CARTESIAN_POINT('Ctrl Pts',(-65.1071067811864,15.9999184665235,2.53553390593269));
#2282=CARTESIAN_POINT('Ctrl Pts',(-65.4,15.990513719571,3.24264068711932));
#2283=CARTESIAN_POINT('Ctrl Pts',(-65.4,15.990513719571,3.24108907933072));
#2284=CARTESIAN_POINT('Ctrl Pts',(-65.3999963887703,15.9905139690257,3.23953746835162));
#2285=CARTESIAN_POINT('Ctrl Pts',(-65.3999620126885,15.9905163434503,3.23215249862619));
#2286=CARTESIAN_POINT('Ctrl Pts',(-65.39988381695,15.9905217455278,3.22631949099125));
#2287=CARTESIAN_POINT('Ctrl Pts',(-65.3995425188551,15.9905452927171,3.21091699813131));
#2288=CARTESIAN_POINT('Ctrl Pts',(-65.3991930371138,15.9905693912501,3.20135009363173));
#2289=CARTESIAN_POINT('Ctrl Pts',(-65.3969809052817,15.9907212338866,3.15790415454484));
#2290=CARTESIAN_POINT('Ctrl Pts',(-65.3935322781997,15.9909578246864,3.12413034572428));
#2291=CARTESIAN_POINT('Ctrl Pts',(-65.3797332730717,15.9918579898282,3.03442860366664));
#2292=CARTESIAN_POINT('Ctrl Pts',(-65.3663212935452,15.9927031446419,2.97910346995701));
#2293=CARTESIAN_POINT('Ctrl Pts',(-65.3188625422312,15.9952209373552,2.83732172108224));
#2294=CARTESIAN_POINT('Ctrl Pts',(-65.2773585661222,15.9970388163882,2.7539322205316));
#2295=CARTESIAN_POINT('Ctrl Pts',(-65.1901159627228,15.9991307387482,2.62659008108413));
#2296=CARTESIAN_POINT('Ctrl Pts',(-65.1506589917171,15.9997152961609,2.57908611646333));
#2297=CARTESIAN_POINT('Ctrl Pts',(-65.1071067811867,15.9999184665235,2.53553390593294));
#2298=CARTESIAN_POINT('Ctrl Pts',(-65.1071067811867,15.4142135623731,1.1568542494924));
#2299=CARTESIAN_POINT('Ctrl Pts',(-44.5023689270622,15.4142135623731,1.15685424949239));
#2300=CARTESIAN_POINT('Ctrl Pts',(-23.8976310729377,15.4142135623731,1.15685424949238));
#2301=CARTESIAN_POINT('Ctrl Pts',(-3.29289321881326,15.4142135623731,1.15685424949237));
#2302=CARTESIAN_POINT('Ctrl Pts',(-65.1071067811867,15.6203835052859,1.36302419240524));
#2303=CARTESIAN_POINT('Ctrl Pts',(-44.5023689270622,15.6203835052859,1.36302419240523));
#2304=CARTESIAN_POINT('Ctrl Pts',(-23.8976310729377,15.6203835052859,1.36302419240522));
#2305=CARTESIAN_POINT('Ctrl Pts',(-3.29289321881326,15.6203835052859,1.36302419240521));
#2306=CARTESIAN_POINT('Ctrl Pts',(-65.1071067811867,15.8038977949143,1.58344510510738));
#2307=CARTESIAN_POINT('Ctrl Pts',(-44.5023689270622,15.8038977949143,1.58344510510737));
#2308=CARTESIAN_POINT('Ctrl Pts',(-23.8976310729377,15.8038977949143,1.58344510510736));
#2309=CARTESIAN_POINT('Ctrl Pts',(-3.29289321881326,15.8038977949143,1.58344510510735));
#2310=CARTESIAN_POINT('Ctrl Pts',(-65.1071067811867,15.9388153400466,1.85015638574584));
#2311=CARTESIAN_POINT('Ctrl Pts',(-44.5023689270622,15.9388153400466,1.85015638574583));
#2312=CARTESIAN_POINT('Ctrl Pts',(-23.8976310729377,15.9388153400466,1.85015638574582));
#2313=CARTESIAN_POINT('Ctrl Pts',(-3.29289321881326,15.9388153400466,1.85015638574581));
#2314=CARTESIAN_POINT('Ctrl Pts',(-65.1071067811867,15.9884669410909,2.12046258410878));
#2315=CARTESIAN_POINT('Ctrl Pts',(-44.5023689270622,15.9884669410909,2.12046258410877));
#2316=CARTESIAN_POINT('Ctrl Pts',(-23.8976310729377,15.9884669410909,2.12046258410876));
#2317=CARTESIAN_POINT('Ctrl Pts',(-3.29289321881326,15.9884669410909,2.12046258410875));
#2318=CARTESIAN_POINT('Ctrl Pts',(-65.1071067811867,16.,2.42528364715499));
#2319=CARTESIAN_POINT('Ctrl Pts',(-44.5023689270622,16.,2.42528364715498));
#2320=CARTESIAN_POINT('Ctrl Pts',(-23.8976310729377,16.,2.42528364715497));
#2321=CARTESIAN_POINT('Ctrl Pts',(-3.29289321881326,16.,2.42528364715496));
#2322=CARTESIAN_POINT('Ctrl Pts',(-65.1071067811867,16.,2.5710678118655));
#2323=CARTESIAN_POINT('Ctrl Pts',(-44.5023689270622,16.,2.57106781186549));
#2324=CARTESIAN_POINT('Ctrl Pts',(-23.8976310729377,16.,2.57106781186548));
#2325=CARTESIAN_POINT('Ctrl Pts',(-3.29289321881326,16.,2.57106781186547));
#2326=CARTESIAN_POINT('',(-3.32842712474616,16.,2.57106781186547));
#2327=CARTESIAN_POINT('Ctrl Pts',(-65.0715728752538,16.,2.5710678118655));
#2328=CARTESIAN_POINT('Ctrl Pts',(-44.4905242917513,16.,2.57106781186549));
#2329=CARTESIAN_POINT('Ctrl Pts',(-23.9094757082487,16.,2.57106781186548));
#2330=CARTESIAN_POINT('Ctrl Pts',(-3.32842712474615,16.,2.57106781186547));
#2331=CARTESIAN_POINT('',(-3.29289321881326,15.9999184665235,2.53553390593291));
#2332=CARTESIAN_POINT('Ctrl Pts',(-3.29289321881326,15.9999184665235,2.53553390593291));
#2333=CARTESIAN_POINT('Ctrl Pts',(-3.30050034152252,15.9999539536288,2.54314102864224));
#2334=CARTESIAN_POINT('Ctrl Pts',(-3.308175254922,15.999977793752,2.55081594206254));
#2335=CARTESIAN_POINT('Ctrl Pts',(-3.32008828475218,15.9999967407844,2.5627289719484));
#2336=CARTESIAN_POINT('Ctrl Pts',(-3.32425789242616,16.,2.56689857954544));
#2337=CARTESIAN_POINT('Ctrl Pts',(-3.32842712474619,16.,2.57106781186547));
#2338=CARTESIAN_POINT('',(-3.99999999999996,15.9905137195714,2.24264068712165));
#2339=CARTESIAN_POINT('Ctrl Pts',(-3.99999999999996,15.9905137195711,2.24264068711931));
#2340=CARTESIAN_POINT('Ctrl Pts',(-3.99700351077548,15.9905137195711,2.24264068711931));
#2341=CARTESIAN_POINT('Ctrl Pts',(-3.99400703577313,15.9905146500021,2.24265415553453));
#2342=CARTESIAN_POINT('Ctrl Pts',(-3.98635933400269,15.9905193980547,2.24272290607555));
#2343=CARTESIAN_POINT('Ctrl Pts',(-3.98170835904296,15.9905245267375,2.24279717314244));
#2344=CARTESIAN_POINT('Ctrl Pts',(-3.96634008290578,15.9905488564483,2.24314984387143));
#2345=CARTESIAN_POINT('Ctrl Pts',(-3.95562682159286,15.990577697702,2.24356813949438));
#2346=CARTESIAN_POINT('Ctrl Pts',(-3.89757309990113,15.9907972672934,2.24677046297202));
#2347=CARTESIAN_POINT('Ctrl Pts',(-3.85047412417229,15.991208571232,2.25274656504383));
#2348=CARTESIAN_POINT('Ctrl Pts',(-3.72031424550255,15.9928411581247,2.27876566149329));
#2349=CARTESIAN_POINT('Ctrl Pts',(-3.6391401006802,15.9944414950376,2.30612729008089));
#2350=CARTESIAN_POINT('Ctrl Pts',(-3.46245719029701,15.9978910313013,2.39210559842186));
#2351=CARTESIAN_POINT('Ctrl Pts',(-3.37137984053899,15.9995523276938,2.45704728420716));
#2352=CARTESIAN_POINT('Ctrl Pts',(-3.29289321881327,15.9999184665235,2.53553390593291));
#2353=CARTESIAN_POINT('',(-3.99999999999996,15.4142135623731,1.15685424949237));
#2354=CARTESIAN_POINT('Ctrl Pts',(-3.99999999999996,15.4142135623731,1.15685424949237));
#2355=CARTESIAN_POINT('Ctrl Pts',(-3.99999999999996,15.6203835052859,1.36302419240521));
#2356=CARTESIAN_POINT('Ctrl Pts',(-3.99999999999997,15.7121406501001,1.47323464875628));
#2357=CARTESIAN_POINT('Ctrl Pts',(-3.99999999999997,15.7805054800292,1.57279175703822));
#2358=CARTESIAN_POINT('Ctrl Pts',(-3.99999999999997,15.8488703099584,1.67234886532017));
#2359=CARTESIAN_POINT('Ctrl Pts',(-3.99999999999997,15.8938428250025,1.76125262553299));
#2360=CARTESIAN_POINT('Ctrl Pts',(-3.99999999999997,15.9262594027334,1.85976574531199));
#2361=CARTESIAN_POINT('Ctrl Pts',(-3.99999999999996,15.9586759804643,1.95827886509099));
#2362=CARTESIAN_POINT('Ctrl Pts',(-3.99999999999996,15.978536620882,2.06640134443616));
#2363=CARTESIAN_POINT('Ctrl Pts',(-3.99999999999996,15.9902826383142,2.23791819890509));
#2364=CARTESIAN_POINT('Ctrl Pts',(-3.99999999999996,15.9904159264628,2.23986448956204));
#2365=CARTESIAN_POINT('Ctrl Pts',(-3.99999999999996,15.9905481697224,2.24181894327006));
#2366=CARTESIAN_POINT('Ctrl Pts',(-3.99999999999996,15.9906793468687,2.24378189117327));
#2367=CARTESIAN_POINT('',(-64.4,15.4142135623731,1.1568542494924));
#2368=CARTESIAN_POINT('Ctrl Pts',(-3.99999999999997,15.4142135623731,1.15685424949237));
#2369=CARTESIAN_POINT('Ctrl Pts',(-24.1333333333333,15.4142135623731,1.15685424949238));
#2370=CARTESIAN_POINT('Ctrl Pts',(-44.2666666666667,15.4142135623731,1.15685424949239));
#2371=CARTESIAN_POINT('Ctrl Pts',(-64.4,15.4142135623731,1.1568542494924));
#2372=CARTESIAN_POINT('',(-64.4,15.9905137195714,2.24264068712164));
#2373=CARTESIAN_POINT('Ctrl Pts',(-64.4,15.9906793468686,2.24378189117124));
#2374=CARTESIAN_POINT('Ctrl Pts',(-64.4,15.9905481697223,2.24181894326873));
#2375=CARTESIAN_POINT('Ctrl Pts',(-64.4,15.9904159264627,2.23986448956138));
#2376=CARTESIAN_POINT('Ctrl Pts',(-64.4,15.9902826383142,2.23791819890512));
#2377=CARTESIAN_POINT('Ctrl Pts',(-64.4,15.978536620882,2.06640134443619));
#2378=CARTESIAN_POINT('Ctrl Pts',(-64.4,15.9586759804643,1.95827886509101));
#2379=CARTESIAN_POINT('Ctrl Pts',(-64.4,15.9262594027334,1.85976574531202));
#2380=CARTESIAN_POINT('Ctrl Pts',(-64.4,15.8938428250025,1.76125262553302));
#2381=CARTESIAN_POINT('Ctrl Pts',(-64.4,15.8488703099584,1.6723488653202));
#2382=CARTESIAN_POINT('Ctrl Pts',(-64.4,15.7805054800292,1.57279175703825));
#2383=CARTESIAN_POINT('Ctrl Pts',(-64.4,15.7121406501001,1.47323464875631));
#2384=CARTESIAN_POINT('Ctrl Pts',(-64.4,15.6203835052859,1.36302419240524));
#2385=CARTESIAN_POINT('Ctrl Pts',(-64.4,15.4142135623731,1.1568542494924));
#2386=CARTESIAN_POINT('Ctrl Pts',(-65.1071067811866,15.9999184665235,2.53553390593291));
#2387=CARTESIAN_POINT('Ctrl Pts',(-65.0993365743297,15.9998822186333,2.52776369907597));
#2388=CARTESIAN_POINT('Ctrl Pts',(-65.0914380495026,15.9998340770197,2.5201213276942));
#2389=CARTESIAN_POINT('Ctrl Pts',(-64.9899898900624,15.99908116123,2.42515118289686));
#2390=CARTESIAN_POINT('Ctrl Pts',(-64.8806574876647,15.9967155930766,2.35645126429891));
#2391=CARTESIAN_POINT('Ctrl Pts',(-64.6631493355626,15.9926143387093,2.27215011972595));
#2392=CARTESIAN_POINT('Ctrl Pts',(-64.5594965325421,15.9910072692774,2.24983199505793));
#2393=CARTESIAN_POINT('Ctrl Pts',(-64.4439500232167,15.9905766948545,2.2435536414652));
#2394=CARTESIAN_POINT('Ctrl Pts',(-64.4336358804344,15.9905490899813,2.24315323942231));
#2395=CARTESIAN_POINT('Ctrl Pts',(-64.4190873659406,15.9905256819678,2.24281391475917));
#2396=CARTESIAN_POINT('Ctrl Pts',(-64.414856826505,15.9905207235993,2.24274210375716));
#2397=CARTESIAN_POINT('Ctrl Pts',(-64.4074936127757,15.9905153202224,2.24266385816919));
#2398=CARTESIAN_POINT('Ctrl Pts',(-64.4043611332092,15.9905140375538,2.24264529053394));
#2399=CARTESIAN_POINT('Ctrl Pts',(-64.4008190776535,15.9905137369493,2.24264093870222));
#2400=CARTESIAN_POINT('Ctrl Pts',(-64.4004095386939,15.990513719571,2.24264068711931));
#2401=CARTESIAN_POINT('Ctrl Pts',(-64.4,15.990513719571,2.24264068711931));
#2402=CARTESIAN_POINT('Origin',(-34.2,16.,22.2426406871193));
#2403=CARTESIAN_POINT('',(-3.32842712474612,16.,41.9142135623731));
#2404=CARTESIAN_POINT('Ctrl Pts',(-3.32842712474612,16.,41.9142135623731));
#2405=CARTESIAN_POINT('Ctrl Pts',(-23.9094757082487,16.,41.9142135623731));
#2406=CARTESIAN_POINT('Ctrl Pts',(-44.4905242917512,16.,41.9142135623731));
#2407=CARTESIAN_POINT('Ctrl Pts',(-65.0715728752538,16.,41.9142135623731));
#2408=CARTESIAN_POINT('Ctrl Pts',(-3.32842712474617,16.,2.57106781186546));
#2409=CARTESIAN_POINT('Ctrl Pts',(-3.32842712474615,16.,15.6854497287013));
#2410=CARTESIAN_POINT('Ctrl Pts',(-3.32842712474613,16.,28.7998316455372));
#2411=CARTESIAN_POINT('Ctrl Pts',(-3.32842712474612,16.,41.9142135623731));
#2412=CARTESIAN_POINT('',(-50.0000007450581,16.,14.0000002086163));
#2413=CARTESIAN_POINT('Origin',(-54.0000008046627,16.,14.0000002086163));
#2414=CARTESIAN_POINT('',(-12.5,16.,19.7426406871193));
#2415=CARTESIAN_POINT('',(-38.9060651586246,16.,19.7426406871193));
#2416=CARTESIAN_POINT('',(-12.5,16.,19.7426406871193));
#2417=CARTESIAN_POINT('',(-38.9060651586246,16.,7.74264068711929));
#2418=CARTESIAN_POINT('',(-38.9060651586246,16.,19.7426406871193));
#2419=CARTESIAN_POINT('',(-12.5,16.,7.74264068711929));
#2420=CARTESIAN_POINT('',(-38.9060651586246,16.,7.74264068711929));
#2421=CARTESIAN_POINT('',(-12.5,16.,7.74264068711929));
#2422=CARTESIAN_POINT('',(-27.575,16.,36.975));
#2423=CARTESIAN_POINT('',(-28.075,16.,37.475));
#2424=CARTESIAN_POINT('Origin',(-28.075,16.,36.975));
#2425=CARTESIAN_POINT('',(-41.075,16.,37.475));
#2426=CARTESIAN_POINT('',(-28.075,16.,37.475));
#2427=CARTESIAN_POINT('',(-41.575,16.,36.975));
#2428=CARTESIAN_POINT('Origin',(-41.075,16.,36.975));
#2429=CARTESIAN_POINT('',(-41.575,16.,23.975));
#2430=CARTESIAN_POINT('',(-41.575,16.,36.975));
#2431=CARTESIAN_POINT('',(-41.075,16.,23.475));
#2432=CARTESIAN_POINT('Origin',(-41.075,16.,23.975));
#2433=CARTESIAN_POINT('',(-28.075,16.,23.475));
#2434=CARTESIAN_POINT('',(-28.075,16.,23.475));
#2435=CARTESIAN_POINT('',(-27.575,16.,23.975));
#2436=CARTESIAN_POINT('Origin',(-28.075,16.,23.975));
#2437=CARTESIAN_POINT('',(-27.575,16.,36.975));
#2438=CARTESIAN_POINT('',(-46.625,16.,36.975));
#2439=CARTESIAN_POINT('',(-47.125,16.,37.475));
#2440=CARTESIAN_POINT('Origin',(-47.125,16.,36.975));
#2441=CARTESIAN_POINT('',(-60.125,16.,37.475));
#2442=CARTESIAN_POINT('',(-47.125,16.,37.475));
#2443=CARTESIAN_POINT('',(-60.625,16.,36.975));
#2444=CARTESIAN_POINT('Origin',(-60.125,16.,36.975));
#2445=CARTESIAN_POINT('',(-60.625,16.,23.975));
#2446=CARTESIAN_POINT('',(-60.625,16.,36.975));
#2447=CARTESIAN_POINT('',(-60.125,16.,23.475));
#2448=CARTESIAN_POINT('Origin',(-60.125,16.,23.975));
#2449=CARTESIAN_POINT('',(-47.125,16.,23.475));
#2450=CARTESIAN_POINT('',(-47.125,16.,23.475));
#2451=CARTESIAN_POINT('',(-46.625,16.,23.975));
#2452=CARTESIAN_POINT('Origin',(-47.125,16.,23.975));
#2453=CARTESIAN_POINT('',(-46.625,16.,36.975));
#2454=CARTESIAN_POINT('',(-8.525,16.,36.975));
#2455=CARTESIAN_POINT('',(-9.025,16.,37.475));
#2456=CARTESIAN_POINT('Origin',(-9.025,16.,36.975));
#2457=CARTESIAN_POINT('',(-22.025,16.,37.475));
#2458=CARTESIAN_POINT('',(-9.025,16.,37.475));
#2459=CARTESIAN_POINT('',(-22.525,16.,36.975));
#2460=CARTESIAN_POINT('Origin',(-22.025,16.,36.975));
#2461=CARTESIAN_POINT('',(-22.525,16.,23.975));
#2462=CARTESIAN_POINT('',(-22.525,16.,36.975));
#2463=CARTESIAN_POINT('',(-22.025,16.,23.475));
#2464=CARTESIAN_POINT('Origin',(-22.025,16.,23.975));
#2465=CARTESIAN_POINT('',(-9.025,16.,23.475));
#2466=CARTESIAN_POINT('',(-9.025,16.,23.475));
#2467=CARTESIAN_POINT('',(-8.525,16.,23.975));
#2468=CARTESIAN_POINT('Origin',(-9.025,16.,23.975));
#2469=CARTESIAN_POINT('',(-8.525,16.,36.975));
#2470=CARTESIAN_POINT('Ctrl Pts',(-3.29289321881321,15.4142135623731,43.3284271247462));
#2471=CARTESIAN_POINT('Ctrl Pts',(-23.8976310729378,15.4142135623731,43.3284271247462));
#2472=CARTESIAN_POINT('Ctrl Pts',(-44.5023689270623,15.4142135623731,43.3284271247462));
#2473=CARTESIAN_POINT('Ctrl Pts',(-65.1071067811869,15.4142135623731,43.3284271247462));
#2474=CARTESIAN_POINT('Ctrl Pts',(-3.29289321881321,15.6203835052859,43.1222571818333));
#2475=CARTESIAN_POINT('Ctrl Pts',(-23.8976310729378,15.6203835052859,43.1222571818334));
#2476=CARTESIAN_POINT('Ctrl Pts',(-44.5023689270624,15.6203835052859,43.1222571818334));
#2477=CARTESIAN_POINT('Ctrl Pts',(-65.1071067811869,15.6203835052859,43.1222571818334));
#2478=CARTESIAN_POINT('Ctrl Pts',(-3.29289321881321,15.8041650728485,42.9016206769188));
#2479=CARTESIAN_POINT('Ctrl Pts',(-23.8976310729378,15.8041650728485,42.9016206769189));
#2480=CARTESIAN_POINT('Ctrl Pts',(-44.5023689270624,15.8041650728485,42.9016206769189));
#2481=CARTESIAN_POINT('Ctrl Pts',(-65.1071067811869,15.8041650728485,42.9016206769189));
#2482=CARTESIAN_POINT('Ctrl Pts',(-3.29289321881321,15.9390106750401,42.6349717438989));
#2483=CARTESIAN_POINT('Ctrl Pts',(-23.8976310729378,15.9390106750401,42.6349717438989));
#2484=CARTESIAN_POINT('Ctrl Pts',(-44.5023689270624,15.9390106750401,42.6349717438989));
#2485=CARTESIAN_POINT('Ctrl Pts',(-65.1071067811869,15.9390106750401,42.6349717438989));
#2486=CARTESIAN_POINT('Ctrl Pts',(-3.29289321881321,15.9886135832039,42.3647025349529));
#2487=CARTESIAN_POINT('Ctrl Pts',(-23.8976310729378,15.9886135832039,42.364702534953));
#2488=CARTESIAN_POINT('Ctrl Pts',(-44.5023689270624,15.9886135832039,42.364702534953));
#2489=CARTESIAN_POINT('Ctrl Pts',(-65.1071067811869,15.9886135832039,42.364702534953));
#2490=CARTESIAN_POINT('Ctrl Pts',(-3.29289321881321,16.,42.0599977270836));
#2491=CARTESIAN_POINT('Ctrl Pts',(-23.8976310729378,16.,42.0599977270836));
#2492=CARTESIAN_POINT('Ctrl Pts',(-44.5023689270624,16.,42.0599977270836));
#2493=CARTESIAN_POINT('Ctrl Pts',(-65.1071067811869,16.,42.0599977270836));
#2494=CARTESIAN_POINT('Ctrl Pts',(-3.29289321881321,16.,41.9142135623731));
#2495=CARTESIAN_POINT('Ctrl Pts',(-23.8976310729378,16.,41.9142135623731));
#2496=CARTESIAN_POINT('Ctrl Pts',(-44.5023689270623,16.,41.9142135623731));
#2497=CARTESIAN_POINT('Ctrl Pts',(-65.1071067811869,16.,41.9142135623731));
#2498=CARTESIAN_POINT('',(-64.4,15.9905137195714,42.242640687117));
#2499=CARTESIAN_POINT('Ctrl Pts',(-64.4,15.990513719571,42.2426406871193));
#2500=CARTESIAN_POINT('Ctrl Pts',(-64.4030010886184,15.990513719571,42.2426406871193));
#2501=CARTESIAN_POINT('Ctrl Pts',(-64.4060021629411,15.9905146528609,42.2426271773263));
#2502=CARTESIAN_POINT('Ctrl Pts',(-64.4136604221433,15.9905194147635,42.2425582261991));
#2503=CARTESIAN_POINT('Ctrl Pts',(-64.4183173542606,15.9905245573249,42.2424837580956));
#2504=CARTESIAN_POINT('Ctrl Pts',(-64.4337081999241,15.9905489563297,42.2421300816629));
#2505=CARTESIAN_POINT('Ctrl Pts',(-64.4444380549827,15.9905778840613,42.2417105297393));
#2506=CARTESIAN_POINT('Ctrl Pts',(-64.5025203176331,15.9907978825412,42.2385018806261));
#2507=CARTESIAN_POINT('Ctrl Pts',(-64.549630861796,15.9912095979411,42.2325195302849));
#2508=CARTESIAN_POINT('Ctrl Pts',(-64.6798177980805,15.9928433373548,42.2064790272525));
#2509=CARTESIAN_POINT('Ctrl Pts',(-64.7610057195276,15.9944443717084,42.1790995715073));
#2510=CARTESIAN_POINT('Ctrl Pts',(-64.9376379422912,15.9978928499156,42.0931080227349));
#2511=CARTESIAN_POINT('Ctrl Pts',(-65.0286612717959,15.9995525194822,42.0281929776966));
#2512=CARTESIAN_POINT('Ctrl Pts',(-65.1071067811869,15.9999184665235,41.9497474683055));
#2513=CARTESIAN_POINT('',(-64.4,15.4142135623731,43.3284271247462));
#2514=CARTESIAN_POINT('Ctrl Pts',(-64.4,15.4142135623731,43.3284271247462));
#2515=CARTESIAN_POINT('Ctrl Pts',(-64.4,15.6203835052859,43.1222571818334));
#2516=CARTESIAN_POINT('Ctrl Pts',(-64.4,15.7122742890672,43.0119389293761));
#2517=CARTESIAN_POINT('Ctrl Pts',(-64.4,15.7806939479898,42.9123383143109));
#2518=CARTESIAN_POINT('Ctrl Pts',(-64.4,15.8491136069124,42.8127376992456));
#2519=CARTESIAN_POINT('Ctrl Pts',(-64.4,15.8940621409762,42.7238547215722));
#2520=CARTESIAN_POINT('Ctrl Pts',(-64.4,15.9264569896409,42.6253593909464));
#2521=CARTESIAN_POINT('Ctrl Pts',(-64.4,15.9588518383056,42.5268640603205));
#2522=CARTESIAN_POINT('Ctrl Pts',(-64.4,15.9786930015712,42.4187563767422));
#2523=CARTESIAN_POINT('Ctrl Pts',(-64.4,15.9903673523468,42.247296123163));
#2524=CARTESIAN_POINT('Ctrl Pts',(-64.4,15.9904998272567,42.2453504747857));
#2525=CARTESIAN_POINT('Ctrl Pts',(-64.4,15.9906312505574,42.2433966687404));
#2526=CARTESIAN_POINT('Ctrl Pts',(-64.4,15.9907616017484,42.2414343733079));
#2527=CARTESIAN_POINT('',(-3.99999999999996,15.4142135623731,43.3284271247462));
#2528=CARTESIAN_POINT('Ctrl Pts',(-64.4,15.4142135623731,43.3284271247462));
#2529=CARTESIAN_POINT('Ctrl Pts',(-44.2666666666666,15.4142135623731,43.3284271247462));
#2530=CARTESIAN_POINT('Ctrl Pts',(-24.1333333333333,15.4142135623731,43.3284271247462));
#2531=CARTESIAN_POINT('Ctrl Pts',(-3.99999999999997,15.4142135623731,43.3284271247462));
#2532=CARTESIAN_POINT('',(-3.99999999999996,15.9905137195714,42.242640687117));
#2533=CARTESIAN_POINT('Ctrl Pts',(-3.99999999999996,15.9907616017482,42.2414343733099));
#2534=CARTESIAN_POINT('Ctrl Pts',(-3.99999999999996,15.9906312505573,42.2433966687418));
#2535=CARTESIAN_POINT('Ctrl Pts',(-3.99999999999996,15.9904998272567,42.2453504747864));
#2536=CARTESIAN_POINT('Ctrl Pts',(-3.99999999999996,15.9903673523468,42.247296123163));
#2537=CARTESIAN_POINT('Ctrl Pts',(-3.99999999999996,15.9786930015712,42.4187563767421));
#2538=CARTESIAN_POINT('Ctrl Pts',(-3.99999999999996,15.9588518383056,42.5268640603205));
#2539=CARTESIAN_POINT('Ctrl Pts',(-3.99999999999996,15.9264569896409,42.6253593909463));
#2540=CARTESIAN_POINT('Ctrl Pts',(-3.99999999999996,15.8940621409762,42.7238547215722));
#2541=CARTESIAN_POINT('Ctrl Pts',(-3.99999999999996,15.8491136069124,42.8127376992455));
#2542=CARTESIAN_POINT('Ctrl Pts',(-3.99999999999996,15.7806939479898,42.9123383143108));
#2543=CARTESIAN_POINT('Ctrl Pts',(-3.99999999999996,15.7122742890672,43.0119389293761));
#2544=CARTESIAN_POINT('Ctrl Pts',(-3.99999999999996,15.6203835052859,43.1222571818333));
#2545=CARTESIAN_POINT('Ctrl Pts',(-3.99999999999996,15.4142135623731,43.3284271247462));
#2546=CARTESIAN_POINT('',(-3.29289321881366,15.9999184665235,41.9497474683061));
#2547=CARTESIAN_POINT('Ctrl Pts',(-3.29289321881366,15.9999184665235,41.9497474683061));
#2548=CARTESIAN_POINT('Ctrl Pts',(-3.30068457298836,15.9998821199814,41.9575388224808));
#2549=CARTESIAN_POINT('Ctrl Pts',(-3.30860494302548,15.9998338148506,41.9652016428897));
#2550=CARTESIAN_POINT('Ctrl Pts',(-3.41007839719267,15.9990799907203,42.0601783835044));
#2551=CARTESIAN_POINT('Ctrl Pts',(-3.51941022338909,15.9967141672822,42.128865832082));
#2552=CARTESIAN_POINT('Ctrl Pts',(-3.73688349005867,15.9926138425641,42.2131361677734));
#2553=CARTESIAN_POINT('Ctrl Pts',(-3.84050001195682,15.991007570814,42.2354449209595));
#2554=CARTESIAN_POINT('Ctrl Pts',(-3.95601660441737,15.9905767909772,42.241726337182));
#2555=CARTESIAN_POINT('Ctrl Pts',(-3.96633779730397,15.9905491460412,42.2421273216388));
#2556=CARTESIAN_POINT('Ctrl Pts',(-3.98089725616138,15.9905257011074,42.2424671822461));
#2557=CARTESIAN_POINT('Ctrl Pts',(-3.98513168179801,15.9905207342574,42.2425391161261));
#2558=CARTESIAN_POINT('Ctrl Pts',(-3.99250202804156,15.9905153217773,42.2426174935665));
#2559=CARTESIAN_POINT('Ctrl Pts',(-3.99563775344521,15.9905140371865,42.2426360890217));
#2560=CARTESIAN_POINT('Ctrl Pts',(-3.99918234405097,15.9905137368891,42.242640436409));
#2561=CARTESIAN_POINT('Ctrl Pts',(-3.99959117215811,15.990513719571,42.2426406871193));
#2562=CARTESIAN_POINT('Ctrl Pts',(-3.99999999999996,15.990513719571,42.2426406871193));
#2563=CARTESIAN_POINT('Ctrl Pts',(-3.29289321881414,15.9999184665235,41.9497474683066));
#2564=CARTESIAN_POINT('Ctrl Pts',(-3.3004953910412,15.9999539305349,41.9421452960799));
#2565=CARTESIAN_POINT('Ctrl Pts',(-3.30816527071472,15.9999777627405,41.9344754164255));
#2566=CARTESIAN_POINT('Ctrl Pts',(-3.32007821546882,15.9999967329092,41.9225624717261));
#2567=CARTESIAN_POINT('Ctrl Pts',(-3.32425285842625,16.,41.918387828693));
#2568=CARTESIAN_POINT('Ctrl Pts',(-3.32842712474612,16.,41.9142135623731));
#2569=CARTESIAN_POINT('Ctrl Pts',(-1.91421356237307,15.4142135623731,2.53553390593254));
#2570=CARTESIAN_POINT('Ctrl Pts',(-1.91421356237306,15.4142135623731,15.6736050933906));
#2571=CARTESIAN_POINT('Ctrl Pts',(-1.91421356237304,15.4142135623731,28.8116762808486));
#2572=CARTESIAN_POINT('Ctrl Pts',(-1.91421356237303,15.4142135623731,41.9497474683066));
#2573=CARTESIAN_POINT('Ctrl Pts',(-2.12038350528591,15.6203835052859,2.53553390593254));
#2574=CARTESIAN_POINT('Ctrl Pts',(-2.12038350528589,15.6203835052859,15.6736050933906));
#2575=CARTESIAN_POINT('Ctrl Pts',(-2.12038350528588,15.6203835052859,28.8116762808486));
#2576=CARTESIAN_POINT('Ctrl Pts',(-2.12038350528586,15.6203835052859,41.9497474683066));
#2577=CARTESIAN_POINT('Ctrl Pts',(-2.34076797343838,15.8037193945501,2.53553390593254));
#2578=CARTESIAN_POINT('Ctrl Pts',(-2.34076797343836,15.8037193945501,15.6736050933906));
#2579=CARTESIAN_POINT('Ctrl Pts',(-2.34076797343835,15.8037193945501,28.8116762808486));
#2580=CARTESIAN_POINT('Ctrl Pts',(-2.34076797343833,15.8037193945501,41.9497474683066));
#2581=CARTESIAN_POINT('Ctrl Pts',(-2.60782343897277,15.9388007629422,2.53553390593254));
#2582=CARTESIAN_POINT('Ctrl Pts',(-2.60782343897275,15.9388007629422,15.6736050933906));
#2583=CARTESIAN_POINT('Ctrl Pts',(-2.60782343897274,15.9388007629422,28.8116762808486));
#2584=CARTESIAN_POINT('Ctrl Pts',(-2.60782343897272,15.9388007629422,41.9497474683066));
#2585=CARTESIAN_POINT('Ctrl Pts',(-2.87704696392109,15.9882570887166,2.53553390593254));
#2586=CARTESIAN_POINT('Ctrl Pts',(-2.87704696392107,15.9882570887166,15.6736050933906));
#2587=CARTESIAN_POINT('Ctrl Pts',(-2.87704696392106,15.9882570887166,28.8116762808486));
#2588=CARTESIAN_POINT('Ctrl Pts',(-2.87704696392104,15.9882570887166,41.9497474683066));
#2589=CARTESIAN_POINT('Ctrl Pts',(-3.18264296003566,16.,2.53553390593254));
#2590=CARTESIAN_POINT('Ctrl Pts',(-3.18264296003564,16.,15.6736050933906));
#2591=CARTESIAN_POINT('Ctrl Pts',(-3.18264296003562,16.,28.8116762808486));
#2592=CARTESIAN_POINT('Ctrl Pts',(-3.18264296003561,16.,41.9497474683066));
#2593=CARTESIAN_POINT('Ctrl Pts',(-3.32842712474617,16.,2.53553390593254));
#2594=CARTESIAN_POINT('Ctrl Pts',(-3.32842712474615,16.,15.6736050933906));
#2595=CARTESIAN_POINT('Ctrl Pts',(-3.32842712474613,16.,28.8116762808486));
#2596=CARTESIAN_POINT('Ctrl Pts',(-3.32842712474612,16.,41.9497474683066));
#2597=CARTESIAN_POINT('',(-3.00000000000231,15.9905137195714,41.2426406871193));
#2598=CARTESIAN_POINT('Ctrl Pts',(-2.99999999999997,15.990513719571,41.2426406871193));
#2599=CARTESIAN_POINT('Ctrl Pts',(-2.99999999999997,15.990513719571,41.2441858376888));
#2600=CARTESIAN_POINT('Ctrl Pts',(-3.00000358123495,15.9905139669537,41.2457309914281));
#2601=CARTESIAN_POINT('Ctrl Pts',(-3.0000377321326,15.9905163258254,41.2530982454597));
#2602=CARTESIAN_POINT('Ctrl Pts',(-3.00011556584013,15.9905217028935,41.2589199971203));
#2603=CARTESIAN_POINT('Ctrl Pts',(-3.00045531374569,15.990545143265,41.2742894137197));
#2604=CARTESIAN_POINT('Ctrl Pts',(-3.00080317793038,15.9905691304619,41.2838345164401));
#2605=CARTESIAN_POINT('Ctrl Pts',(-3.00300332347742,15.9907201547969,41.3271462565616));
#2606=CARTESIAN_POINT('Ctrl Pts',(-3.00643078602248,15.9909552991869,41.360808644694));
#2607=CARTESIAN_POINT('Ctrl Pts',(-3.02013696136822,15.9918497168199,41.4501785790608));
#2608=CARTESIAN_POINT('Ctrl Pts',(-3.03345054237037,15.9926891746478,41.5052903704254));
#2609=CARTESIAN_POINT('Ctrl Pts',(-3.08075389782376,15.9952036028196,41.6471464895866));
#2610=CARTESIAN_POINT('Ctrl Pts',(-3.12230677614013,15.9970285128826,41.7307955074866));
#2611=CARTESIAN_POINT('Ctrl Pts',(-3.20971519562255,15.9991281970883,41.8584879355947));
#2612=CARTESIAN_POINT('Ctrl Pts',(-3.2492477020779,15.999714860889,41.9061019515704));
#2613=CARTESIAN_POINT('Ctrl Pts',(-3.29289321881366,15.9999184665235,41.9497474683061));
#2614=CARTESIAN_POINT('',(-1.91421356237303,15.4142135623731,41.2426406871193));
#2615=CARTESIAN_POINT('Ctrl Pts',(-1.91421356237303,15.4142135623731,41.2426406871193));
#2616=CARTESIAN_POINT('Ctrl Pts',(-2.12038350528587,15.6203835052859,41.2426406871193));
#2617=CARTESIAN_POINT('Ctrl Pts',(-2.2305757393621,15.712051449918,41.2426406871193));
#2618=CARTESIAN_POINT('Ctrl Pts',(-2.33018110065595,15.7803989836327,41.2426406871193));
#2619=CARTESIAN_POINT('Ctrl Pts',(-2.4297864619498,15.8487465173474,41.2426406871193));
#2620=CARTESIAN_POINT('Ctrl Pts',(-2.51880495046126,15.8937736401448,41.2426406871193));
#2621=CARTESIAN_POINT('Ctrl Pts',(-2.61715889970666,15.9261784666984,41.2426406871193));
#2622=CARTESIAN_POINT('Ctrl Pts',(-2.71551284895205,15.9585832932519,41.2426406871193));
#2623=CARTESIAN_POINT('Ctrl Pts',(-2.82320225893138,15.9783658235617,41.2426406871193));
#2624=CARTESIAN_POINT('Ctrl Pts',(-2.99491917164207,15.9901790720131,41.2426406871193));
#2625=CARTESIAN_POINT('Ctrl Pts',(-2.99686773246359,15.990313123067,41.2426406871193));
#2626=CARTESIAN_POINT('Ctrl Pts',(-2.99882453786161,15.9904461479468,41.2426406871193));
#2627=CARTESIAN_POINT('Ctrl Pts',(-3.00078991411051,15.990578124186,41.2426406871193));
#2628=CARTESIAN_POINT('',(-1.91421356237307,15.4142135623731,3.2426406871193));
#2629=CARTESIAN_POINT('Ctrl Pts',(-1.91421356237303,15.4142135623731,41.2426406871193));
#2630=CARTESIAN_POINT('Ctrl Pts',(-1.91421356237304,15.4142135623731,28.5759740204526));
#2631=CARTESIAN_POINT('Ctrl Pts',(-1.91421356237306,15.4142135623731,15.909307353786));
#2632=CARTESIAN_POINT('Ctrl Pts',(-1.91421356237307,15.4142135623731,3.2426406871193));
#2633=CARTESIAN_POINT('',(-3.00000000000228,15.9905137195714,3.2426406871193));
#2634=CARTESIAN_POINT('Ctrl Pts',(-3.00078991410846,15.9905781241858,3.2426406871193));
#2635=CARTESIAN_POINT('Ctrl Pts',(-2.99882453786027,15.9904461479468,3.2426406871193));
#2636=CARTESIAN_POINT('Ctrl Pts',(-2.99686773246294,15.9903131230669,3.2426406871193));
#2637=CARTESIAN_POINT('Ctrl Pts',(-2.99491917164212,15.9901790720131,3.2426406871193));
#2638=CARTESIAN_POINT('Ctrl Pts',(-2.82320225893142,15.9783658235617,3.2426406871193));
#2639=CARTESIAN_POINT('Ctrl Pts',(-2.71551284895209,15.9585832932519,3.2426406871193));
#2640=CARTESIAN_POINT('Ctrl Pts',(-2.6171588997067,15.9261784666984,3.2426406871193));
#2641=CARTESIAN_POINT('Ctrl Pts',(-2.5188049504613,15.8937736401448,3.2426406871193));
#2642=CARTESIAN_POINT('Ctrl Pts',(-2.42978646194984,15.8487465173474,3.2426406871193));
#2643=CARTESIAN_POINT('Ctrl Pts',(-2.33018110065599,15.7803989836327,3.2426406871193));
#2644=CARTESIAN_POINT('Ctrl Pts',(-2.23057573936214,15.712051449918,3.2426406871193));
#2645=CARTESIAN_POINT('Ctrl Pts',(-2.12038350528591,15.6203835052859,3.2426406871193));
#2646=CARTESIAN_POINT('Ctrl Pts',(-1.91421356237307,15.4142135623731,3.2426406871193));
#2647=CARTESIAN_POINT('Ctrl Pts',(-3.29289321881326,15.9999184665235,2.53553390593291));
#2648=CARTESIAN_POINT('Ctrl Pts',(-3.27412982047118,15.9998309355716,2.554297304275));
#2649=CARTESIAN_POINT('Ctrl Pts',(-3.25611640276178,15.9996738375166,2.57380438545398));
#2650=CARTESIAN_POINT('Ctrl Pts',(-3.15921346262691,15.9984429196192,2.68751038829266));
#2651=CARTESIAN_POINT('Ctrl Pts',(-3.09745002394589,15.996025614759,2.79488553582171));
#2652=CARTESIAN_POINT('Ctrl Pts',(-3.02725282831187,15.9924000723936,2.99438968012456));
#2653=CARTESIAN_POINT('Ctrl Pts',(-3.00907242830806,15.991133548182,3.08160428912347));
#2654=CARTESIAN_POINT('Ctrl Pts',(-3.00163654047066,15.9906264813057,3.18381867306029));
#2655=CARTESIAN_POINT('Ctrl Pts',(-3.00092120111939,15.9905772406072,3.19757202659605));
#2656=CARTESIAN_POINT('Ctrl Pts',(-3.0002796520175,15.9905330309982,3.21805563600251));
#2657=CARTESIAN_POINT('Ctrl Pts',(-3.00013696011348,15.9905231779655,3.22477730103378));
#2658=CARTESIAN_POINT('Ctrl Pts',(-3.00002068696528,15.9905151487527,3.23521337209268));
#2659=CARTESIAN_POINT('Ctrl Pts',(-2.99999999999995,15.990513719571,3.23892702045057));
#2660=CARTESIAN_POINT('Ctrl Pts',(-2.99999999999995,15.990513719571,3.2426406871193));
#2661=CARTESIAN_POINT('Origin',(-49.3,15.25,43.4926406871193));
#2662=CARTESIAN_POINT('',(-64.4,14.5,44.2426406871193));
#2663=CARTESIAN_POINT('',(-64.4,14.75,43.9926406871193));
#2664=CARTESIAN_POINT('',(-49.3,14.5,44.2426406871193));
#2665=CARTESIAN_POINT('',(-3.99999999999996,15.25,43.4926406871193));
#2666=CARTESIAN_POINT('Origin',(-64.4,14.,44.2426406871193));
#2667=CARTESIAN_POINT('',(-64.4,14.,44.2426406871193));
#2668=CARTESIAN_POINT('Origin',(-66.65,15.25,12.7426406871193));
#2669=CARTESIAN_POINT('',(-67.4,14.5,3.24264068711932));
#2670=CARTESIAN_POINT('',(-67.15,14.75,3.24264068711932));
#2671=CARTESIAN_POINT('',(-67.4,14.5,41.2426406871193));
#2672=CARTESIAN_POINT('',(-67.4,14.5,12.7426406871193));
#2673=CARTESIAN_POINT('',(-66.65,15.25,41.2426406871193));
#2674=CARTESIAN_POINT('Origin',(-67.4,14.,3.24264068711932));
#2675=CARTESIAN_POINT('',(-67.4,14.,3.24264068711932));
#2676=CARTESIAN_POINT('',(-67.4,14.,41.2426406871193));
#2677=CARTESIAN_POINT('Origin',(-1.74999999999994,15.25,31.7426406871193));
#2678=CARTESIAN_POINT('',(-1.24999999999995,14.75,41.2426406871193));
#2679=CARTESIAN_POINT('',(-0.999999999999945,14.5,31.7426406871193));
#2680=CARTESIAN_POINT('',(-1.74999999999996,15.25,3.2426406871193));
#2681=CARTESIAN_POINT('Origin',(-0.999999999999934,14.,41.2426406871193));
#2682=CARTESIAN_POINT('Origin',(-19.1,15.25,0.992640687119286));
#2683=CARTESIAN_POINT('',(-3.99999999999996,14.75,0.492640687119291));
#2684=CARTESIAN_POINT('',(-64.4,14.5,0.242640687119309));
#2685=CARTESIAN_POINT('',(-19.1,14.5,0.242640687119286));
#2686=CARTESIAN_POINT('',(-64.4,15.25,0.992640687119303));
#2687=CARTESIAN_POINT('Origin',(-3.99999999999998,14.,0.242640687119279));
#2688=CARTESIAN_POINT('',(-64.4,14.,0.242640687119309));
#2689=CARTESIAN_POINT('Origin',(-3.99999999999996,14.,0.242640687119322));
#2690=CARTESIAN_POINT('',(-3.99999999999996,17.,2.24264068711931));
#2691=CARTESIAN_POINT('',(-3.99999999999996,14.,2.24264068711931));
#2692=CARTESIAN_POINT('',(-3.99999999999996,17.,0.242640687119322));
#2693=CARTESIAN_POINT('Origin',(-2.99999999999995,14.,3.2426406871193));
#2694=CARTESIAN_POINT('',(-2.99999999999995,17.,3.2426406871193));
#2695=CARTESIAN_POINT('',(-0.999999999999945,17.,3.2426406871193));
#2696=CARTESIAN_POINT('',(-2.99999999999995,14.,3.2426406871193));
#2697=CARTESIAN_POINT('Origin',(-3.99999999999996,14.,3.24264068711933));
#2698=CARTESIAN_POINT('Origin',(-3.99999999999996,17.,3.24264068711933));
#2699=CARTESIAN_POINT('Origin',(-2.49999999999994,17.,1.74264068711933));
#2700=CARTESIAN_POINT('Origin',(-64.4,14.,2.24264068711931));
#2701=CARTESIAN_POINT('',(-64.4,17.,0.242640687119309));
#2702=CARTESIAN_POINT('',(-64.4,14.,0.242640687119309));
#2703=CARTESIAN_POINT('',(-64.4,17.,2.24264068711931));
#2704=CARTESIAN_POINT('',(-64.4,17.,0.242640687119309));
#2705=CARTESIAN_POINT('',(-64.4,14.,2.24264068711931));
#2706=CARTESIAN_POINT('Origin',(-64.3999999999999,14.,3.24264068711932));
#2707=CARTESIAN_POINT('',(-65.4,17.,3.24264068711932));
#2708=CARTESIAN_POINT('Origin',(-64.3999999999999,17.,3.24264068711932));
#2709=CARTESIAN_POINT('',(-65.4,14.,3.24264068711932));
#2710=CARTESIAN_POINT('Origin',(-67.4,14.,3.24264068711932));
#2711=CARTESIAN_POINT('',(-67.4,17.,3.24264068711932));
#2712=CARTESIAN_POINT('',(-67.4,17.,3.24264068711932));
#2713=CARTESIAN_POINT('',(-67.4,14.,3.24264068711932));
#2714=CARTESIAN_POINT('Origin',(-64.3999999999999,14.,3.24264068711932));
#2715=CARTESIAN_POINT('Origin',(-64.3999999999999,17.,3.24264068711932));
#2716=CARTESIAN_POINT('Origin',(-65.8999999999999,17.,1.74264068711931));
#2717=CARTESIAN_POINT('Origin',(-0.999999999999981,14.,41.2426406871193));
#2718=CARTESIAN_POINT('',(-2.99999999999997,17.,41.2426406871193));
#2719=CARTESIAN_POINT('',(-2.99999999999997,14.,41.2426406871193));
#2720=CARTESIAN_POINT('',(-0.999999999999981,17.,41.2426406871193));
#2721=CARTESIAN_POINT('Origin',(-3.99999999999996,14.,42.2426406871193));
#2722=CARTESIAN_POINT('',(-3.99999999999996,17.,42.2426406871193));
#2723=CARTESIAN_POINT('',(-3.99999999999996,17.,44.2426406871193));
#2724=CARTESIAN_POINT('',(-3.99999999999996,14.,42.2426406871193));
#2725=CARTESIAN_POINT('Origin',(-3.99999999999999,14.,41.2426406871193));
#2726=CARTESIAN_POINT('Origin',(-3.99999999999999,17.,41.2426406871193));
#2727=CARTESIAN_POINT('Origin',(-2.49999999999995,17.,42.7426406871193));
#2728=CARTESIAN_POINT('Origin',(-64.4,14.,44.2426406871193));
#2729=CARTESIAN_POINT('',(-64.4,17.,42.2426406871193));
#2730=CARTESIAN_POINT('',(-64.4,14.,42.2426406871193));
#2731=CARTESIAN_POINT('',(-64.4,17.,44.2426406871193));
#2732=CARTESIAN_POINT('',(-64.4,17.,44.2426406871193));
#2733=CARTESIAN_POINT('',(-64.4,14.,44.2426406871193));
#2734=CARTESIAN_POINT('Origin',(-64.4,14.,41.2426406871193));
#2735=CARTESIAN_POINT('',(-67.4,17.,41.2426406871193));
#2736=CARTESIAN_POINT('Origin',(-64.4,17.,41.2426406871193));
#2737=CARTESIAN_POINT('',(-67.4,14.,41.2426406871193));
#2738=CARTESIAN_POINT('Origin',(-65.4,14.,41.2426406871193));
#2739=CARTESIAN_POINT('',(-65.4,17.,41.2426406871193));
#2740=CARTESIAN_POINT('',(-67.4,17.,41.2426406871193));
#2741=CARTESIAN_POINT('',(-65.4,14.,41.2426406871193));
#2742=CARTESIAN_POINT('Origin',(-64.4,14.,41.2426406871193));
#2743=CARTESIAN_POINT('Origin',(-64.4,17.,41.2426406871193));
#2744=CARTESIAN_POINT('Origin',(-65.9,17.,42.7426406871193));
#2745=CARTESIAN_POINT('Origin',(-8.525,14.,23.975));
#2746=CARTESIAN_POINT('',(-8.525,14.,36.975));
#2747=CARTESIAN_POINT('',(-8.525,14.,23.975));
#2748=CARTESIAN_POINT('Origin',(-9.025,14.,23.975));
#2749=CARTESIAN_POINT('',(-9.025,14.,23.475));
#2750=CARTESIAN_POINT('Origin',(-22.025,14.,23.475));
#2751=CARTESIAN_POINT('',(-22.025,14.,23.475));
#2752=CARTESIAN_POINT('Origin',(-22.025,14.,23.975));
#2753=CARTESIAN_POINT('',(-22.525,14.,23.975));
#2754=CARTESIAN_POINT('Origin',(-22.525,14.,36.975));
#2755=CARTESIAN_POINT('',(-22.525,14.,36.975));
#2756=CARTESIAN_POINT('Origin',(-22.025,14.,36.975));
#2757=CARTESIAN_POINT('',(-22.025,14.,37.475));
#2758=CARTESIAN_POINT('Origin',(-9.025,14.,37.475));
#2759=CARTESIAN_POINT('',(-9.025,14.,37.475));
#2760=CARTESIAN_POINT('Origin',(-9.025,14.,36.975));
#2761=CARTESIAN_POINT('Origin',(-46.625,14.,23.975));
#2762=CARTESIAN_POINT('',(-46.625,14.,36.975));
#2763=CARTESIAN_POINT('',(-46.625,14.,23.975));
#2764=CARTESIAN_POINT('Origin',(-47.125,14.,23.975));
#2765=CARTESIAN_POINT('',(-47.125,14.,23.475));
#2766=CARTESIAN_POINT('Origin',(-60.125,14.,23.475));
#2767=CARTESIAN_POINT('',(-60.125,14.,23.475));
#2768=CARTESIAN_POINT('Origin',(-60.125,14.,23.975));
#2769=CARTESIAN_POINT('',(-60.625,14.,23.975));
#2770=CARTESIAN_POINT('Origin',(-60.625,14.,36.975));
#2771=CARTESIAN_POINT('',(-60.625,14.,36.975));
#2772=CARTESIAN_POINT('Origin',(-60.125,14.,36.975));
#2773=CARTESIAN_POINT('',(-60.125,14.,37.475));
#2774=CARTESIAN_POINT('Origin',(-47.125,14.,37.475));
#2775=CARTESIAN_POINT('',(-47.125,14.,37.475));
#2776=CARTESIAN_POINT('Origin',(-47.125,14.,36.975));
#2777=CARTESIAN_POINT('Origin',(-27.575,14.,23.975));
#2778=CARTESIAN_POINT('',(-27.575,14.,36.975));
#2779=CARTESIAN_POINT('',(-27.575,14.,23.975));
#2780=CARTESIAN_POINT('Origin',(-28.075,14.,23.975));
#2781=CARTESIAN_POINT('',(-28.075,14.,23.475));
#2782=CARTESIAN_POINT('Origin',(-41.075,14.,23.475));
#2783=CARTESIAN_POINT('',(-41.075,14.,23.475));
#2784=CARTESIAN_POINT('Origin',(-41.075,14.,23.975));
#2785=CARTESIAN_POINT('',(-41.575,14.,23.975));
#2786=CARTESIAN_POINT('Origin',(-41.575,14.,36.975));
#2787=CARTESIAN_POINT('',(-41.575,14.,36.975));
#2788=CARTESIAN_POINT('Origin',(-41.075,14.,36.975));
#2789=CARTESIAN_POINT('',(-41.075,14.,37.475));
#2790=CARTESIAN_POINT('Origin',(-28.075,14.,37.475));
#2791=CARTESIAN_POINT('',(-28.075,14.,37.475));
#2792=CARTESIAN_POINT('Origin',(-28.075,14.,36.975));
#2793=CARTESIAN_POINT('Origin',(-12.5,14.,7.74264068711929));
#2794=CARTESIAN_POINT('',(-12.5,14.,19.7426406871193));
#2795=CARTESIAN_POINT('',(-12.5,14.,7.74264068711929));
#2796=CARTESIAN_POINT('Origin',(-38.9060651586246,14.,7.74264068711929));
#2797=CARTESIAN_POINT('',(-38.9060651586246,14.,7.74264068711929));
#2798=CARTESIAN_POINT('Origin',(-38.9060651586246,14.,19.7426406871193));
#2799=CARTESIAN_POINT('',(-38.9060651586246,14.,19.7426406871193));
#2800=CARTESIAN_POINT('Origin',(-12.5,14.,19.7426406871193));
#2801=CARTESIAN_POINT('Origin',(-54.0000008046627,14.,14.0000002086163));
#2802=CARTESIAN_POINT('',(-50.0000007450581,14.,14.0000002086163));
#2803=UNCERTAINTY_MEASURE_WITH_UNIT(LENGTH_MEASURE(0.01),#2807,
'DISTANCE_ACCURACY_VALUE',
'Maximum model space distance between geometric entities at asserted c
onnectivities');
#2804=UNCERTAINTY_MEASURE_WITH_UNIT(LENGTH_MEASURE(0.01),#2807,
'DISTANCE_ACCURACY_VALUE',
'Maximum model space distance between geometric entities at asserted c
onnectivities');
#2805=(
GEOMETRIC_REPRESENTATION_CONTEXT(3)
GLOBAL_UNCERTAINTY_ASSIGNED_CONTEXT((#2803))
GLOBAL_UNIT_ASSIGNED_CONTEXT((#2807,#2809,#2810))
REPRESENTATION_CONTEXT('','3D')
);
#2806=(
GEOMETRIC_REPRESENTATION_CONTEXT(3)
GLOBAL_UNCERTAINTY_ASSIGNED_CONTEXT((#2804))
GLOBAL_UNIT_ASSIGNED_CONTEXT((#2807,#2809,#2810))
REPRESENTATION_CONTEXT('','3D')
);
#2807=(
LENGTH_UNIT()
NAMED_UNIT(*)
SI_UNIT(.MILLI.,.METRE.)
);
#2808=(
LENGTH_UNIT()
NAMED_UNIT(*)
SI_UNIT($,.METRE.)
);
#2809=(
NAMED_UNIT(*)
PLANE_ANGLE_UNIT()
SI_UNIT($,.RADIAN.)
);
#2810=(
NAMED_UNIT(*)
SI_UNIT($,.STERADIAN.)
SOLID_ANGLE_UNIT()
);
#2811=SHAPE_DEFINITION_REPRESENTATION(#2812,#2813);
#2812=PRODUCT_DEFINITION_SHAPE('',$,#2815);
#2813=SHAPE_REPRESENTATION('',(#1503),#2805);
#2814=PRODUCT_DEFINITION_CONTEXT('part definition',#2819,'design');
#2815=PRODUCT_DEFINITION('Lid','Lid',#2816,#2814);
#2816=PRODUCT_DEFINITION_FORMATION('',$,#2821);
#2817=PRODUCT_RELATED_PRODUCT_CATEGORY('Lid','Lid',(#2821));
#2818=APPLICATION_PROTOCOL_DEFINITION('international standard',
'automotive_design',2009,#2819);
#2819=APPLICATION_CONTEXT(
'Core Data for Automotive Mechanical Design Process');
#2820=PRODUCT_CONTEXT('part definition',#2819,'mechanical');
#2821=PRODUCT('Lid','Lid',$,(#2820));
#2822=PRESENTATION_STYLE_ASSIGNMENT((#2824));
#2823=PRESENTATION_STYLE_ASSIGNMENT((#2825));
#2824=SURFACE_STYLE_USAGE(.BOTH.,#2826);
#2825=SURFACE_STYLE_USAGE(.BOTH.,#2827);
#2826=SURFACE_SIDE_STYLE('',(#2828));
#2827=SURFACE_SIDE_STYLE('',(#2829));
#2828=SURFACE_STYLE_FILL_AREA(#2830);
#2829=SURFACE_STYLE_FILL_AREA(#2831);
#2830=FILL_AREA_STYLE('Steel - Satin',(#2832));
#2831=FILL_AREA_STYLE('Plastic - Matte (White)',(#2833));
#2832=FILL_AREA_STYLE_COLOUR('Steel - Satin',#2834);
#2833=FILL_AREA_STYLE_COLOUR('Plastic - Matte (White)',#2835);
#2834=COLOUR_RGB('Steel - Satin',0.627450980392157,0.627450980392157,0.627450980392157);
#2835=COLOUR_RGB('Plastic - Matte (White)',0.964705882352941,0.964705882352941,
0.952941176470588);
ENDSEC;
END-ISO-10303-21;
